source_id,ra,dec,parallax,parallax_error,pm,pmra,pmra_error,pmdec,pmdec_error,phot_g_mean_mag,phot_g_mean_flux,phot_bp_mean_mag,phot_bp_mean_flux,phot_rp_mean_mag,phot_rp_mean_flux,bp_rp,phot_variable_flag,classprob_dsc_combmod_galaxy,thresh,npix,tnpix,xmin,xmax,ymin,ymax,x,y,x2,y2,xy,errx2,erry2,errxy,a,b,theta,cxx,cyy,cxy,cflux,flux,cpeak,peak,xcpeak,ycpeak,xpeak,ypeak,flag,flux2,flux2_err,ra_p,dec_p,ang_dist,dec_res,ra_res,new_mag,filename
4307450193249412352,286.5927322426323,8.22969789216384,4.277924749060003,0.15993241965770721,68.9006118774414,4.310761746670494,0.14725232124328613,-68.76562505735082,0.16117195785045624,5.5838704109191895,110001505.05367757,9.59167766571045,1989509.041471818,3.897878408432007,218779628.57452652,5.693799018859863,VARIABLE,5.098072029634249e-13,39.64799499511719,768,737,552,582,423,457,566.7286037543926,441.5726618021872,10.354368116652665,12.671086672211743,-0.1415037690297254,2.8090373721301624e-06,3.661980033275073e-06,-1.537091611162275e-07,3.560856342315674,3.216482162475586,-1.5100181102752686,0.09659233689308167,0.07893187552690506,0.0021573808044195175,1076480.75,1076843.375,26171.53515625,29079.76953125,567,442,567,442,0,1073379.0033662422,0.0,286.5927282231727,8.229648683591178,5.430273347428738e-06,0.17715086158318627,0.013188007710837155,9.0707174751422,7-06-26_R_Aql--001_60s_B__c.new
4307450193249412352,286.5927322426323,8.22969789216384,4.277924749060003,0.15993241965770721,68.9006118774414,4.310761746670494,0.14725232124328613,-68.76562505735082,0.16117195785045624,5.5838704109191895,110001505.05367757,9.59167766571045,1989509.041471818,3.897878408432007,218779628.57452652,5.693799018859863,VARIABLE,5.098072029634249e-13,39.679656982421875,748,723,553,584,422,456,568.4759652378561,441.26206245464186,11.183328229003763,11.717226228773825,0.10090721751140563,2.842764617905111e-06,3.2714171958287162e-06,-7.844731114003565e-08,3.4257352352142334,3.34139084815979,1.3900964260101318,0.08942576497793198,0.08535106480121613,-0.0015402459539473057,1075932.875,1076274.375,25442.708984375,28792.25,569,442,568,442,0,1075856.8959315482,0.0,286.5927471151104,8.229617077836766,1.2546681489311595e-05,0.2909315774658694,-0.04879719560552075,9.049808749729698,7-06-26_R_Aql--002_60s_B__c.new
4307450193249412352,286.5927322426323,8.22969789216384,4.277924749060003,0.15993241965770721,68.9006118774414,4.310761746670494,0.14725232124328613,-68.76562505735082,0.16117195785045624,5.5838704109191895,110001505.05367757,9.59167766571045,1989509.041471818,3.897878408432007,218779628.57452652,5.693799018859863,VARIABLE,5.098072029634249e-13,39.68370819091797,755,726,554,584,422,457,568.98772710614,441.5683270952751,10.473377368929931,11.638035970164538,-0.03407661171451082,2.843724381016214e-06,3.391624098780721e-06,-1.3045833107277723e-07,3.41160249710083,3.2361059188842773,-1.541570782661438,0.09548109024763107,0.08592596650123596,0.0005591445369645953,1078203.0,1078603.75,28524.634765625,32596.09375,569,442,569,442,0,1075834.1048838808,0.0,286.5927139996266,8.229613547761138,2.065648334337311e-05,0.30363984972439084,0.05985603136900863,8.817913885786965,7-06-26_R_Aql--003_60s_B__c.new
4307450193249412352,286.5927322426323,8.22969789216384,4.277924749060003,0.15993241965770721,68.9006118774414,4.310761746670494,0.14725232124328613,-68.76562505735082,0.16117195785045624,5.5838704109191895,110001505.05367757,9.59167766571045,1989509.041471818,3.897878408432007,218779628.57452652,5.693799018859863,VARIABLE,5.098072029634249e-13,39.714542388916016,770,740,553,584,422,458,568.4829967102185,441.2471249223235,11.38093242840489,12.101602043616992,-0.19165307523212505,2.9301624262684686e-06,3.5551807666209033e-06,-2.0397279456369753e-07,3.4855988025665283,3.3664722442626953,-1.326385736465454,0.08788970112800598,0.08265572786331177,0.0027838184032589197,1080002.125,1080423.0,25515.751953125,28707.619140625,568,442,568,442,0,1078928.8186979685,0.0,286.5927215244346,8.229635689312078,1.2499234287588479e-05,0.22393026634262014,0.0351668353817513,9.007895402902268,7-06-26_R_Aql--004_60s_B__c.new
4307450193249412352,286.5927322426323,8.22969789216384,4.277924749060003,0.15993241965770721,68.9006118774414,4.310761746670494,0.14725232124328613,-68.76562505735082,0.16117195785045624,5.5838704109191895,110001505.05367757,9.59167766571045,1989509.041471818,3.897878408432007,218779628.57452652,5.693799018859863,VARIABLE,5.098072029634249e-13,39.885650634765625,792,767,552,583,423,458,567.0502865023411,441.2172447358269,11.595311032019055,12.866667114766699,0.08114829148752278,3.1456967586476195e-06,3.7777418409651072e-06,-1.5753041796946241e-07,3.5877325534820557,3.4044313430786133,1.5073115825653076,0.0862455666065216,0.07772363722324371,-0.0010878776665776968,1075588.125,1075971.5,25603.1875,29127.865234375,567,442,567,442,0,1073740.3117347716,0.0,286.59270889188474,8.229631682513038,2.5241588673452497e-05,0.23835474288702585,0.07661473670866599,8.942862784146609,7-06-26_R_Aql--005_60s_B__c.new
4307450193249412352,286.5927322426323,8.22969789216384,4.277924749060003,0.15993241965770721,68.9006118774414,4.310761746670494,0.14725232124328613,-68.76562505735082,0.16117195785045624,5.5838704109191895,110001505.05367757,9.59167766571045,1989509.041471818,3.897878408432007,218779628.57452652,5.693799018859863,VARIABLE,5.098072029634249e-13,39.80789566040039,761,731,555,586,421,456,570.5904253797066,440.6540066546753,10.83347078844946,12.581020407308017,0.25127123556166,2.8919444347260515e-06,3.4201135983135907e-06,-3.2988128749701204e-08,3.551961660385132,3.2860400676727295,1.4307892322540283,0.09234929829835892,0.07952164858579636,-0.003688846016302705,1079055.0,1079417.375,25549.650390625,29016.58984375,571,441,571,441,0,1078449.7726007074,0.0,286.5927264500806,8.229597306686191,8.677335017637233e-06,0.36210771953406606,0.019005593796514404,8.96473707687547,7-06-26_R_Aql--006_60s_B__c.new
4307450193249412352,286.5927322426323,8.22969789216384,4.277924749060003,0.15993241965770721,68.9006118774414,4.310761746670494,0.14725232124328613,-68.76562505735082,0.16117195785045624,5.5838704109191895,110001505.05367757,9.59167766571045,1989509.041471818,3.897878408432007,218779628.57452652,5.693799018859863,VARIABLE,5.098072029634249e-13,39.85832977294922,808,783,555,586,423,457,570.3779854875165,440.9938165349162,12.364005840088282,13.933938793513505,0.03291592791987341,3.283303680776241e-06,3.841827935032855e-06,-4.079267851595571e-08,3.7329115867614746,3.516150712966919,1.549842119216919,0.08088044822216034,0.0717676654458046,-0.000382125232135877,1076374.625,1076753.0,22642.9375,25522.88671875,570,442,570,442,0,1073843.545522308,0.0,286.5927407410744,8.229626107091958,6.434443491798447e-06,0.25842625877317005,-0.02788372855900434,9.009217530047888,7-06-26_R_Aql--007_60s_B__c.new
4307450193249412352,286.5927322426323,8.22969789216384,4.277924749060003,0.15993241965770721,68.9006118774414,4.310761746670494,0.14725232124328613,-68.76562505735082,0.16117195785045624,5.5838704109191895,110001505.05367757,9.59167766571045,1989509.041471818,3.897878408432007,218779628.57452652,5.693799018859863,VARIABLE,5.098072029634249e-13,39.83205795288086,763,733,553,583,424,457,567.7164943002387,441.3490421157811,11.9213987629646,12.787502300481151,-0.0898692259514462,2.917796304199618e-06,3.429962949887492e-06,-7.35844426278502e-08,3.577251672744751,3.451401472091675,-1.4684858322143555,0.08388721942901611,0.07820549607276917,0.0011791011784225702,1077098.875,1077443.0,22689.494140625,25069.32421875,567,442,567,442,0,1074608.0978170778,0.0,286.5927041134469,8.229654343676858,2.9367599893248553e-05,0.15677455313465316,0.09229298230914537,8.836217691727022,7-06-26_R_Aql--008_60s_B__c.new
4307450193249412352,286.5927322426323,8.22969789216384,4.277924749060003,0.15993241965770721,68.9006118774414,4.310761746670494,0.14725232124328613,-68.76562505735082,0.16117195785045624,5.5838704109191895,110001505.05367757,9.59167766571045,1989509.041471818,3.897878408432007,218779628.57452652,5.693799018859863,VARIABLE,5.098072029634249e-13,39.89854431152344,821,792,554,585,423,457,569.4074574779057,441.08883172425703,13.986669238803131,14.036695911150957,0.010529391096952168,3.467362483010705e-06,3.9046105743919606e-06,-4.81396707437651e-08,3.7468416690826416,3.739591360092163,1.3715782165527344,0.07149668782949448,0.07124187797307968,-0.0001072640807251446,1076517.125,1076913.25,19344.8125,21366.486328125,569,442,569,442,0,1073436.6158845518,0.0,286.5926995433133,8.229627234863466,3.471397172916113e-05,0.25436628134372086,0.10728777354206158,8.780879868610846,7-06-26_R_Aql--009_60s_B__c.new
4307450193249412352,286.5927322426323,8.22969789216384,4.277924749060003,0.15993241965770721,68.9006118774414,4.310761746670494,0.14725232124328613,-68.76562505735082,0.16117195785045624,5.5838704109191895,110001505.05367757,9.59167766571045,1989509.041471818,3.897878408432007,218779628.57452652,5.693799018859863,VARIABLE,5.098072029634249e-13,39.97760772705078,803,781,556,587,423,457,570.8543756309824,441.2297753920393,12.083934111984576,14.291239954517323,0.8135204058630165,3.254338845575365e-06,3.860283070672989e-06,2.1556463113045421e-07,3.815582275390625,3.437514305114746,1.2531942129135132,0.08307286351919174,0.07024212181568146,-0.00945774745196104,1074041.875,1074430.25,22682.37109375,25632.365234375,571,442,571,442,0,1071656.256103211,0.0,286.5927074788422,8.229598210219558,2.7614822158739116e-05,0.35885499941201715,0.08125098575704215,8.948652651086629,7-06-26_R_Aql--010_60s_B__c.new
4307450193249412352,286.5927322426323,8.22969789216384,4.277924749060003,0.15993241965770721,68.9006118774414,4.310761746670494,0.14725232124328613,-68.76562505735082,0.16117195785045624,5.5838704109191895,110001505.05367757,9.59167766571045,1989509.041471818,3.897878408432007,218779628.57452652,5.693799018859863,VARIABLE,5.098072029634249e-13,40.022483825683594,840,817,555,587,422,458,570.6748669495457,440.77433669072116,13.406091504189561,15.978760553951133,1.0013283936544326,3.527524066487255e-06,4.31601509308994e-06,1.1856849776070999e-07,4.040118217468262,3.614180326461792,1.24006986618042,0.07494374364614487,0.06287738680839539,-0.009392880834639072,1072141.5,1072519.25,19518.423828125,21230.224609375,571,441,570,441,0,1070233.855279083,0.0,286.59271864951506,8.229617958025244,1.5881920603533217e-05,0.28776289894310025,0.04459956131272975,9.089804708316505,7-06-26_R_Aql--011_60s_B__c.new
4307450193249412352,286.5927322426323,8.22969789216384,4.277924749060003,0.15993241965770721,68.9006118774414,4.310761746670494,0.14725232124328613,-68.76562505735082,0.16117195785045624,5.5838704109191895,110001505.05367757,9.59167766571045,1989509.041471818,3.897878408432007,218779628.57452652,5.693799018859863,VARIABLE,5.098072029634249e-13,40.01654815673828,831,814,552,584,424,458,567.630677353733,441.42930793144694,13.973349684988392,15.259107820033307,0.7856523768730881,3.5873174684449636e-06,3.983556730028557e-06,2.174182493576586e-07,3.9536547660827637,3.6879632472991943,1.1282905340194702,0.07177257537841797,0.06572489440441132,-0.007390771992504597,1075854.125,1076288.375,18935.318359375,20507.1640625,568,442,568,442,0,1074690.6774305727,0.0,286.5927320833545,8.229586718236451,3.3503072813800827e-06,0.40022613859846956,0.0005225967041587865,8.956213888990437,7-06-26_R_Aql--012_60s_B__c.new
4307450193249412352,286.5927322426323,8.22969789216384,4.277924749060003,0.15993241965770721,68.9006118774414,4.310761746670494,0.14725232124328613,-68.76562505735082,0.16117195785045624,5.5838704109191895,110001505.05367757,9.59167766571045,1989509.041471818,3.897878408432007,218779628.57452652,5.693799018859863,VARIABLE,5.098072029634249e-13,40.06281661987305,849,825,554,585,422,458,569.5903477276106,441.01859765022454,13.598277884395685,16.045701967090906,0.14581331068217196,3.5627490100803397e-06,4.354277149792233e-06,-3.448680282507231e-08,4.006789207458496,3.686410427093506,1.5114976167678833,0.07354588806629181,0.06232805922627449,-0.0013366781640797853,1078925.0,1079359.25,18697.443359375,20456.94140625,569,442,569,442,0,1074399.1234153744,0.0,286.592713328549,8.229645765718217,2.040251354173961e-05,0.1876552042396895,0.0620578638196821,8.91799173171358,7-06-26_R_Aql--013_60s_B__c.new
4307450193249412352,286.5927322426323,8.22969789216384,4.277924749060003,0.15993241965770721,68.9006118774414,4.310761746670494,0.14725232124328613,-68.76562505735082,0.16117195785045624,5.5838704109191895,110001505.05367757,9.59167766571045,1989509.041471818,3.897878408432007,218779628.57452652,5.693799018859863,VARIABLE,5.098072029634249e-13,40.05929946899414,910,874,554,587,422,458,569.8449285411212,440.805652516964,15.29604557458282,17.804467543968713,1.1943762111278033,4.167515763234176e-06,4.936920562004954e-06,3.026002437444604e-07,4.2757673263549805,3.8494579792022705,1.1903129816055298,0.06572062522172928,0.056461431086063385,-0.008817466907203197,1078719.875,1079091.375,18042.84375,19762.974609375,570,441,570,441,0,1075999.0324313354,0.0,286.5926966086894,8.229627156758362,3.764962832519814e-05,0.254647459720303,0.11691639201394081,8.958895756442455,7-06-26_R_Aql--014_60s_B__c.new
4307450193249412352,286.5927322426323,8.22969789216384,4.277924749060003,0.15993241965770721,68.9006118774414,4.310761746670494,0.14725232124328613,-68.76562505735082,0.16117195785045624,5.5838704109191895,110001505.05367757,9.59167766571045,1989509.041471818,3.897878408432007,218779628.57452652,5.693799018859863,VARIABLE,5.098072029634249e-13,39.993228912353516,838,812,552,585,422,457,568.524717212517,440.74735056110666,14.754050379992691,14.629855792975093,-0.1812384018368789,3.567919366799382e-06,4.130087484111585e-06,-6.483049410337994e-09,3.8579185009002686,3.8079354763031006,-0.6203521490097046,0.06778831034898758,0.06836377829313278,0.0016795579576864839,1078645.5,1079030.25,18153.025390625,19736.6796875,568,441,568,441,0,1078985.3494192504,0.0,286.59271164597027,8.229601130070632,2.336560123694653e-05,0.3483435355462916,0.06757847192616281,8.931143531411285,7-06-26_R_Aql--015_60s_B__c.new
4307450193249412352,286.5927322426323,8.22969789216384,4.277924749060003,0.15993241965770721,68.9006118774414,4.310761746670494,0.14725232124328613,-68.76562505735082,0.16117195785045624,5.5838704109191895,110001505.05367757,9.59167766571045,1989509.041471818,3.897878408432007,218779628.57452652,5.693799018859863,VARIABLE,5.098072029634249e-13,40.26487731933594,806,780,552,584,423,457,567.889947178227,440.87943687341294,11.898984473731389,14.050711660962804,0.5402269754393956,3.289380161823719e-06,3.986895100126074e-06,6.50663747002932e-08,3.765465259552002,3.43088436126709,1.3381198644638062,0.08418774604797363,0.07129522413015366,-0.006473763380199671,1075789.5,1076191.875,22774.21875,25416.859375,568,441,568,441,0,1075292.7191340637,0.0,286.5927483476172,8.22961459151904,1.3707314337807475e-05,0.299882321279199,-0.052841099730280804,8.763362990112796,7-06-26_R_Aql--016_60s_B__c.new
4307450193249412352,286.5927322426323,8.22969789216384,4.277924749060003,0.15993241965770721,68.9006118774414,4.310761746670494,0.14725232124328613,-68.76562505735082,0.16117195785045624,5.5838704109191895,110001505.05367757,9.59167766571045,1989509.041471818,3.897878408432007,218779628.57452652,5.693799018859863,VARIABLE,5.098072029634249e-13,40.44083786010742,884,855,555,587,422,457,570.7948511188091,440.4808554490481,14.131467060227436,15.650858037483772,0.41453637961967615,4.0488576043562174e-06,4.648397711657505e-06,9.133487169802051e-08,3.9694581031799316,3.745093822479248,1.3210433721542358,0.07081908732652664,0.06394394487142563,-0.0037514986470341682,1079429.125,1079775.125,21600.908203125,24360.0078125,571,441,571,441,0,1075771.38362442,0.0,286.59270236156254,8.22960133965403,3.2640167660247243e-05,0.34758903531439955,0.09804098504625472,9.03263760561469,7-06-26_R_Aql--017_60s_B__c.new
4307450193249412352,286.5927322426323,8.22969789216384,4.277924749060003,0.15993241965770721,68.9006118774414,4.310761746670494,0.14725232124328613,-68.76562505735082,0.16117195785045624,5.5838704109191895,110001505.05367757,9.59167766571045,1989509.041471818,3.897878408432007,218779628.57452652,5.693799018859863,VARIABLE,5.098072029634249e-13,40.2815055847168,9,5,584,586,418,420,585.0537324954438,419.05571733231244,0.5215028489954068,0.5190634578010993,0.008650561330224349,0.0001296159511715589,0.0001296580057072018,5.795624855401674e-07,0.727337121963501,0.7152251601219177,0.7153617739677429,1.9180653095245361,1.927079439163208,-0.06393184512853622,1930.091796875,2058.949951171875,440.748291015625,1525.4307861328125,585,419,585,419,0,1746.5722572326658,0.0,286.5898881211238,8.233130603720351,0.0027443961529911576,-12.35776160344173,9.331676434163592,15.796651922249335,7-06-26_R_Aql--018_60s_B__c.new
4307450193249412352,286.5927322426323,8.22969789216384,4.277924749060003,0.15993241965770721,68.9006118774414,4.310761746670494,0.14725232124328613,-68.76562505735082,0.16117195785045624,5.5838704109191895,110001505.05367757,9.59167766571045,1989509.041471818,3.897878408432007,218779628.57452652,5.693799018859863,VARIABLE,5.098072029634249e-13,40.353084564208984,796,768,554,585,422,456,568.896371288648,440.33965446115303,12.082814950738452,12.842184564037382,0.09750760033347206,3.2728666805869026e-06,3.7575922258455154e-06,-3.5281800559209855e-08,3.585318088531494,3.47426176071167,1.4451065063476562,0.08276724070310593,0.07787314057350159,-0.0012568633537739515,1080604.375,1080991.125,24529.8671875,27627.248046875,569,441,569,441,0,1078677.1965957643,0.0,286.5927104429909,8.229613664647298,2.4208298555095098e-05,0.3032190595504858,0.07152549537982394,9.086184362967577,7-06-26_R_Aql--019_60s_B__c.new
4307450193249412352,286.5927322426323,8.22969789216384,4.277924749060003,0.15993241965770721,68.9006118774414,4.310761746670494,0.14725232124328613,-68.76562505735082,0.16117195785045624,5.5838704109191895,110001505.05367757,9.59167766571045,1989509.041471818,3.897878408432007,218779628.57452652,5.693799018859863,VARIABLE,5.098072029634249e-13,40.42045974731445,763,736,556,587,423,457,570.828834133716,440.4631545555717,11.797891520689518,12.196853618571595,-0.11191454940359336,3.1334969670762794e-06,3.35114094284806e-06,-5.2926554806352666e-08,3.496584415435791,3.4305455684661865,-1.315160870552063,0.08476828783750534,0.08199549466371536,0.0015556151047348976,1079487.25,1079850.375,25010.63671875,28020.12109375,571,441,571,441,0,1079087.9653659055,0.0,286.5927556854246,8.229604786648615,2.0760664085628378e-05,0.3351798548088425,-0.0769167393333737,8.972507785116246,7-06-26_R_Aql--020_60s_B__c.new
4307450193249412352,286.5927322426323,8.22969789216384,4.277924749060003,0.15993241965770721,68.9006118774414,4.310761746670494,0.14725232124328613,-68.76562505735082,0.16117195785045624,5.5838704109191895,110001505.05367757,9.59167766571045,1989509.041471818,3.897878408432007,218779628.57452652,5.693799018859863,VARIABLE,5.098072029634249e-13,40.49335479736328,808,780,556,588,422,456,571.9293094092612,439.8261135377491,12.842122362488567,13.75673769319144,0.17251948169212028,3.475098593550067e-06,3.790444457498364e-06,1.5262350925580232e-08,3.7132461071014404,3.5791985988616943,1.390425205230713,0.07788187265396118,0.07270389795303345,-0.0019533904269337654,1080411.625,1080765.25,22744.626953125,25461.927734375,572,440,572,440,0,1080211.8081759645,0.0,286.5927326156806,8.2296213364961,1.8245355022372678e-06,0.2756004038616311,-0.001223986376112407,8.951381545679629,7-06-26_R_Aql--021_60s_B__c.new
4307450193249412352,286.5927322426323,8.22969789216384,4.277924749060003,0.15993241965770721,68.9006118774414,4.310761746670494,0.14725232124328613,-68.76562505735082,0.16117195785045624,5.5838704109191895,110001505.05367757,9.59167766571045,1989509.041471818,3.897878408432007,218779628.57452652,5.693799018859863,VARIABLE,5.098072029634249e-13,40.36112594604492,770,739,557,588,422,455,572.2937719186283,439.8032278499786,11.662793873137986,13.135482946522927,0.18941704682731597,3.087316540622722e-06,3.4868520131508683e-06,6.328302572237339e-09,3.627596378326416,3.411571741104126,1.4449058771133423,0.08576283603906631,0.07614750415086746,-0.0024734442122280598,1079822.125,1080165.0,23858.625,26842.67578125,572,440,572,440,0,1079066.1219250495,0.0,286.5927177786077,8.229628170686421,1.645932934479788e-05,0.25099731870525943,0.047457043140379934,8.983555962060356,7-06-26_R_Aql--022_60s_B__c.new
4307450193249412352,286.5927322426323,8.22969789216384,4.277924749060003,0.15993241965770721,68.9006118774414,4.310761746670494,0.14725232124328613,-68.76562505735082,0.16117195785045624,5.5838704109191895,110001505.05367757,9.59167766571045,1989509.041471818,3.897878408432007,218779628.57452652,5.693799018859863,VARIABLE,5.098072029634249e-13,40.512855529785156,762,733,555,586,423,456,569.9865309894909,440.2059869897694,11.487235324676277,12.61653121648277,-0.07495833289664233,3.094683170134283e-06,3.3971936748394287e-06,2.5886196337986465e-09,3.552672863006592,3.3885514736175537,-1.5048060417175293,0.08705652505159378,0.07926416397094727,0.001034454209730029,1078920.625,1079347.375,23616.05078125,26179.19921875,570,441,570,441,0,1078596.5405125434,0.0,286.59273299051176,8.229623843087827,1.3779106211586623e-06,0.26657667364418103,-0.002453822498205227,8.824774498629933,7-06-26_R_Aql--023_60s_B__c.new
4307450193249412352,286.5927322426323,8.22969789216384,4.277924749060003,0.15993241965770721,68.9006118774414,4.310761746670494,0.14725232124328613,-68.76562505735082,0.16117195785045624,5.5838704109191895,110001505.05367757,9.59167766571045,1989509.041471818,3.897878408432007,218779628.57452652,5.693799018859863,VARIABLE,5.098072029634249e-13,40.5416259765625,766,735,557,589,422,456,572.4838216987447,440.09153540605007,11.65525687639223,13.052038262921485,0.14423403621202624,3.1354810621245346e-06,3.41073849999134e-06,-2.5676918206762442e-08,3.614799737930298,3.411820411682129,1.4689662456512451,0.08580993115901947,0.07662686705589294,-0.0018965179333463311,1080919.375,1081278.375,22889.82421875,25269.470703125,573,440,573,440,0,1082319.0411975093,0.0,286.5927154384786,8.22961354316944,1.9218356044348184e-05,0.3036563798360703,0.055135100416800926,9.008530976393796,7-06-26_R_Aql--024_60s_B__c.new
4307450193249412352,286.5927322426323,8.22969789216384,4.277924749060003,0.15993241965770721,68.9006118774414,4.310761746670494,0.14725232124328613,-68.76562505735082,0.16117195785045624,5.5838704109191895,110001505.05367757,9.59167766571045,1989509.041471818,3.897878408432007,218779628.57452652,5.693799018859863,VARIABLE,5.098072029634249e-13,40.516258239746094,784,759,558,589,421,456,573.1647597695089,439.53355052655115,12.26550357877224,13.181545023363526,0.10037696358369885,3.2800497503369596e-06,3.5913071508731746e-06,4.169123782719249e-09,3.632136344909668,3.500661849975586,1.462924838066101,0.08153454959392548,0.07586836814880371,-0.001241764985024929,1080683.625,1081082.25,23449.146484375,26166.37890625,573,440,573,440,0,1079383.496305999,0.0,286.5927209423636,8.229614928632614,1.36769710934459e-05,0.2986687124113985,0.03707663355533896,9.114085427337898,7-06-26_R_Aql--025_60s_B__c.new
4307450193249412352,286.5927322426323,8.22969789216384,4.277924749060003,0.15993241965770721,68.9006118774414,4.310761746670494,0.14725232124328613,-68.76562505735082,0.16117195785045624,5.5838704109191895,110001505.05367757,9.59167766571045,1989509.041471818,3.897878408432007,218779628.57452652,5.693799018859863,VARIABLE,5.098072029634249e-13,40.61454772949219,838,811,556,589,422,456,572.3644972883012,439.5884301186311,13.429169060844913,14.265466032548773,0.4072125060951066,3.872563902829382e-06,4.006165970559298e-06,2.2205056699173362e-07,3.798813819885254,3.6419291496276855,1.184721827507019,0.07452928274869919,0.07016008347272873,-0.004254926461726427,1080022.875,1080322.0,21658.029296875,23745.7109375,572,440,572,440,0,1080615.2417063916,0.0,286.59272948251055,8.229600866152083,5.543985480471747e-06,0.3492936423235449,0.009056069804842082,8.9243043311859,7-06-26_R_Aql--026_60s_B__c.new
4307450193249412352,286.5927322426323,8.22969789216384,4.277924749060003,0.15993241965770721,68.9006118774414,4.310761746670494,0.14725232124328613,-68.76562505735082,0.16117195785045624,5.5838704109191895,110001505.05367757,9.59167766571045,1989509.041471818,3.897878408432007,218779628.57452652,5.693799018859863,VARIABLE,5.098072029634249e-13,40.73931884765625,751,724,558,589,423,456,572.5701266879412,439.7810842577624,12.391318549938461,12.35949782209616,-0.32646294538449183,3.1095690763081454e-06,3.241651865331419e-06,-7.290055358218994e-08,3.5640227794647217,3.4711031913757324,-0.7610496282577515,0.08075786381959915,0.08096577972173691,0.0042662653140723705,1081102.625,1081494.125,20979.51171875,23376.462890625,572,441,572,441,0,1081187.8799238584,0.0,286.59271131807594,8.229609721149334,2.344676636312215e-05,0.3174156522199212,0.06865430632817152,9.007720515317333,7-06-26_R_Aql--027_60s_B__c.new
4307450193249412352,286.5927322426323,8.22969789216384,4.277924749060003,0.15993241965770721,68.9006118774414,4.310761746670494,0.14725232124328613,-68.76562505735082,0.16117195785045624,5.5838704109191895,110001505.05367757,9.59167766571045,1989509.041471818,3.897878408432007,218779628.57452652,5.693799018859863,VARIABLE,5.098072029634249e-13,46.2311897277832,1180,1133,512,552,462,506,531.7963560680681,483.66965508292475,15.762980070332333,15.569731554136752,0.18513358992527174,1.7830845533929018e-06,1.947676762796081e-06,-2.115468622253927e-08,3.984367847442627,3.931605815887451,0.5448848605155945,0.06344864517450333,0.06423615664243698,-0.001508885994553566,2520294.5,2520733.75,43129.59375,45918.4921875,532,484,532,484,0,2523106.7438388066,0.0,286.59272871302625,8.229647886014131,4.963515038980404e-06,0.18002213894945385,0.011580778579254911,8.318106969833064,7-11-26_R_Aql_-001120s_c.new
4307450193249412352,286.5927322426323,8.22969789216384,4.277924749060003,0.15993241965770721,68.9006118774414,4.310761746670494,0.14725232124328613,-68.76562505735082,0.16117195785045624,5.5838704109191895,110001505.05367757,9.59167766571045,1989509.041471818,3.897878408432007,218779628.57452652,5.693799018859863,VARIABLE,5.098072029634249e-13,46.32049560546875,1188,1151,513,552,462,503,532.9867021070021,483.2504096280149,15.468576290893907,16.64235363774617,0.21051054080999165,1.7797958194083807e-06,2.0136224348531167e-06,1.698895186260553e-09,4.083989143371582,3.928353786468506,1.3985990285873413,0.06465832144021988,0.06009799987077713,-0.0016357371350750327,2518003.75,2518473.0,47439.47265625,52302.7734375,533,484,533,484,0,2517887.4843801875,0.0,286.59272500461003,8.229660672000733,8.30339843105321e-06,0.13399258718251872,0.023748240520226317,8.330994033987533,7-11-26_R_Aql_-002120s_c.new
4307450193249412352,286.5927322426323,8.22969789216384,4.277924749060003,0.15993241965770721,68.9006118774414,4.310761746670494,0.14725232124328613,-68.76562505735082,0.16117195785045624,5.5838704109191895,110001505.05367757,9.59167766571045,1989509.041471818,3.897878408432007,218779628.57452652,5.693799018859863,VARIABLE,5.098072029634249e-13,46.204341888427734,1143,1103,513,553,462,503,533.0518351793031,483.05281142375014,14.672641170304644,15.329234057498297,-0.05167796160839089,1.6553806077311437e-06,1.848611724448877e-06,-4.111844742256904e-08,3.9157726764678955,3.829960584640503,-1.4927306175231934,0.06815486401319504,0.06523560732603073,0.00045952777145430446,2518048.0,2518506.25,48782.7890625,53467.16796875,533,484,533,484,0,2522257.9550781255,0.0,286.5927329097615,8.229630732268193,1.2608835504579474e-06,0.24177562432754485,-0.002188877589983349,8.4184050789223,7-11-26_R_Aql_-003120s_c.new
4307450193249412352,286.5927322426323,8.22969789216384,4.277924749060003,0.15993241965770721,68.9006118774414,4.310761746670494,0.14725232124328613,-68.76562505735082,0.16117195785045624,5.5838704109191895,110001505.05367757,9.59167766571045,1989509.041471818,3.897878408432007,218779628.57452652,5.693799018859863,VARIABLE,5.098072029634249e-13,46.0977783203125,1193,1155,515,555,461,504,534.4860320908516,482.7267043063961,14.943062040673226,15.866608956336847,0.20716817983299052,1.7982657468481847e-06,2.0244941451418413e-06,-1.85464801218057e-08,3.9888534545898438,3.8598859310150146,1.3599368333816528,0.0669328048825264,0.06303685158491135,-0.001747865229845047,2509870.75,2510379.0,48655.453125,53626.46484375,535,483,535,483,0,2512195.2480609114,0.0,286.5927213894976,8.229662616121793,1.1861217842579208e-05,0.12699375136762114,0.03560956892548347,8.45242318540873,7-11-26_R_Aql_-004120s_c.new
4307450193249412352,286.5927322426323,8.22969789216384,4.277924749060003,0.15993241965770721,68.9006118774414,4.310761746670494,0.14725232124328613,-68.76562505735082,0.16117195785045624,5.5838704109191895,110001505.05367757,9.59167766571045,1989509.041471818,3.897878408432007,218779628.57452652,5.693799018859863,VARIABLE,5.098072029634249e-13,46.0985221862793,1161,1126,515,555,459,502,535.7452953643168,482.0984135577817,14.91972528319144,16.402350198770364,0.049893006247941685,1.6997428428324017e-06,1.9380193531011304e-06,-3.839491958903652e-08,4.0501885414123535,3.862388849258423,1.5371952056884766,0.0670260414481163,0.060967493802309036,-0.00040776238893158734,2506930.0,2507391.25,46844.3125,52157.05859375,536,483,536,483,0,2510532.6646740725,0.0,286.5927446446532,8.229675305091007,1.1748576355330442e-05,0.08131346219713009,-0.04069152665382262,8.486260672496199,7-11-26_R_Aql_-005120s_c.new
4307450193249412352,286.5927322426323,8.22969789216384,4.277924749060003,0.15993241965770721,68.9006118774414,4.310761746670494,0.14725232124328613,-68.76562505735082,0.16117195785045624,5.5838704109191895,110001505.05367757,9.59167766571045,1989509.041471818,3.897878408432007,218779628.57452652,5.693799018859863,VARIABLE,5.098072029634249e-13,45.98870086669922,1191,1150,515,555,459,502,535.1184742424828,481.56870303494225,16.100275079443122,16.00134147447511,-0.3151352888503425,1.832193768456024e-06,1.9732205213251122e-06,-2.2858908314732324e-08,4.045961380004883,3.9663350582122803,-0.7075483798980713,0.06213469058275223,0.06251885741949081,0.002447399077937007,2505540.75,2506096.5,41932.78125,44860.9140625,535,482,535,482,0,2507962.6448162836,0.0,286.59273069542104,8.229653285804229,2.8269432732486166e-06,0.16058289459763841,0.005076461969856609,8.698376035566096,7-11-26_R_Aql_-006120s_c.new
4307450193249412352,286.5927322426323,8.22969789216384,4.277924749060003,0.15993241965770721,68.9006118774414,4.310761746670494,0.14725232124328613,-68.76562505735082,0.16117195785045624,5.5838704109191895,110001505.05367757,9.59167766571045,1989509.041471818,3.897878408432007,218779628.57452652,5.693799018859863,VARIABLE,5.098072029634249e-13,46.02063751220703,1144,1099,517,556,459,502,536.7225677496148,481.8183780946165,13.681321319767733,15.307891832985888,0.43652639771289614,1.654075935530208e-06,1.9053337359627189e-06,1.131310113973477e-08,3.926530122756958,3.683961868286133,1.3244916200637817,0.07315891981124878,0.06538527458906174,-0.004172462038695812,2496373.75,2496831.0,53476.98046875,59792.33984375,537,482,537,482,0,2498049.2395382673,0.0,286.59267399935135,8.229658338243029,5.935462860406915e-05,0.14239411491843157,0.1910985344704477,8.473763787853958,7-11-26_R_Aql_-007120s_c.new
4307450193249412352,286.5927322426323,8.22969789216384,4.277924749060003,0.15993241965770721,68.9006118774414,4.310761746670494,0.14725232124328613,-68.76562505735082,0.16117195785045624,5.5838704109191895,110001505.05367757,9.59167766571045,1989509.041471818,3.897878408432007,218779628.57452652,5.693799018859863,VARIABLE,5.098072029634249e-13,46.067630767822266,1138,1090,516,556,461,503,535.8100598970958,481.6687118442519,14.95531507429348,14.913073324136064,0.5398062319055157,1.6920485785450755e-06,1.8336106280805212e-06,2.2229155558406877e-08,3.93375301361084,3.7939393520355225,0.7658447623252869,0.06695333868265152,0.06714298576116562,-0.004846999421715736,2493193.0,2493602.5,46905.78125,51789.203125,535,482,535,482,0,2497689.3718716446,0.0,286.5927226437973,8.229670102623626,1.0392544595561048e-05,0.10004234476994611,0.03149416156421921,8.631989777284167,7-11-26_R_Aql_-008120s_c.new
4307450193249412352,286.5927322426323,8.22969789216384,4.277924749060003,0.15993241965770721,68.9006118774414,4.310761746670494,0.14725232124328613,-68.76562505735082,0.16117195785045624,5.5838704109191895,110001505.05367757,9.59167766571045,1989509.041471818,3.897878408432007,218779628.57452652,5.693799018859863,VARIABLE,5.098072029634249e-13,46.20957946777344,1105,1066,518,556,460,502,537.1182946705414,481.64512463200947,12.827719274413539,14.872560733192472,0.27224825079554194,1.5473526392015234e-06,1.8395981156738441e-06,-4.223748776661549e-08,3.861112117767334,3.576603651046753,1.4406765699386597,0.07798647880554199,0.06726405024528503,-0.0028551481664180756,2478107.0,2478540.75,57502.41015625,61492.96875,537,482,537,483,0,2478979.4896087637,0.0,286.5926754447438,8.229653594024166,5.804600829151241e-05,0.1594733028255746,0.1863561440053354,8.344538379538843,7-11-26_R_Aql_-009120s_c.new
4307450193249412352,286.5927322426323,8.22969789216384,4.277924749060003,0.15993241965770721,68.9006118774414,4.310761746670494,0.14725232124328613,-68.76562505735082,0.16117195785045624,5.5838704109191895,110001505.05367757,9.59167766571045,1989509.041471818,3.897878408432007,218779628.57452652,5.693799018859863,VARIABLE,5.098072029634249e-13,45.914554595947266,1148,1110,515,555,460,501,535.4602293528999,481.5270072058189,14.69597819479543,15.509207520554355,0.618781322371035,1.6907857582405173e-06,1.8609994816553477e-06,1.5697177601954636e-08,3.9803285598754883,3.789745330810547,1.0760809183120728,0.06816033273935318,0.0645863264799118,-0.005438877269625664,2496227.0,2496687.75,46371.7578125,50217.5,536,482,536,482,0,2500214.988864746,0.0,286.59274505282553,8.229699810324398,1.2859973537615588e-05,-0.006905378010202412,-0.04203075647610149,8.41472077834414,7-11-26_R_Aql_-010120s_c.new
4307450193249412352,286.5927322426323,8.22969789216384,4.277924749060003,0.15993241965770721,68.9006118774414,4.310761746670494,0.14725232124328613,-68.76562505735082,0.16117195785045624,5.5838704109191895,110001505.05367757,9.59167766571045,1989509.041471818,3.897878408432007,218779628.57452652,5.693799018859863,VARIABLE,5.098072029634249e-13,46.00324630737305,1175,1131,517,558,459,502,537.6597669622231,481.20691647945876,13.883625311196681,16.446695890457534,0.23460183031289716,1.7765151829378976e-06,1.9866476358241896e-06,-1.1152394265615992e-08,4.058077335357666,3.723214864730835,1.4802671670913696,0.07204466313123703,0.06081714481115341,-0.002055344171822071,2486484.0,2486903.0,49519.21875,54644.32421875,538,482,538,482,0,2492094.8808236686,0.0,286.5926726697088,8.229647989588553,6.0980767671026115e-05,0.1796492710305131,0.19546114484177907,8.497212668889961,7-11-26_R_Aql_-011120s_c.new
4307450193249412352,286.5927322426323,8.22969789216384,4.277924749060003,0.15993241965770721,68.9006118774414,4.310761746670494,0.14725232124328613,-68.76562505735082,0.16117195785045624,5.5838704109191895,110001505.05367757,9.59167766571045,1989509.041471818,3.897878408432007,218779628.57452652,5.693799018859863,VARIABLE,5.098072029634249e-13,45.95130920410156,1175,1127,515,556,459,502,535.3303154879839,481.05698243785486,14.268633892796231,16.279902581639703,-0.08741763746962761,1.737684974472189e-06,1.9808666222248625e-06,-2.754322305923538e-08,4.035305976867676,3.7768824100494385,-1.527441382408142,0.07008609920740128,0.06142744794487953,0.0007526778499595821,2498862.0,2499235.5,47784.08203125,52711.57421875,535,482,535,482,0,2504338.248692321,0.0,286.5927347733286,8.229661641694692,1.4891288628859911e-06,0.1305016889304511,-0.008303315763623687,8.590557320483962,7-11-26_R_Aql_-012120s_c.new
4307450193249412352,286.5927322426323,8.22969789216384,4.277924749060003,0.15993241965770721,68.9006118774414,4.310761746670494,0.14725232124328613,-68.76562505735082,0.16117195785045624,5.5838704109191895,110001505.05367757,9.59167766571045,1989509.041471818,3.897878408432007,218779628.57452652,5.693799018859863,VARIABLE,5.098072029634249e-13,46.04507064819336,1151,1109,519,558,459,501,538.3194458099504,480.714956395874,13.881257197256161,15.720821836752975,0.2239551621279361,1.6785655738685021e-06,1.919819239149685e-06,-2.960796759360783e-09,3.968336582183838,3.7221479415893555,1.4513765573501587,0.07205614447593689,0.06362453103065491,-0.002052990021184087,2497066.25,2497507.25,52124.5,58079.6796875,538,481,538,481,0,2498389.8860644544,0.0,286.59269311996474,8.229678350136702,3.9667477722105104e-05,0.07035129769619175,0.12836303712082553,8.540395490512774,7-11-26_R_Aql_-013120s_c.new
4307450193249412352,286.5927322426323,8.22969789216384,4.277924749060003,0.15993241965770721,68.9006118774414,4.310761746670494,0.14725232124328613,-68.76562505735082,0.16117195785045624,5.5838704109191895,110001505.05367757,9.59167766571045,1989509.041471818,3.897878408432007,218779628.57452652,5.693799018859863,VARIABLE,5.098072029634249e-13,46.00287628173828,1145,1104,515,556,460,501,536.2050993269787,480.95364102882365,14.284527445668346,15.28275230853427,0.36967565042840533,1.7321047724410882e-06,1.8320958714305989e-06,1.3620431871193716e-08,3.9248881340026855,3.7633142471313477,1.25204598903656,0.07004966586828232,0.06547422707080841,-0.003388873301446438,2492019.25,2492550.25,49953.92578125,55222.33984375,536,482,536,482,0,2498557.5019415286,0.0,286.5927205812766,8.229655857499989,1.2863103222571226e-05,0.15132478986359388,0.038261374505086675,8.444709778959218,7-11-26_R_Aql_-014120s_c.new
4307450193249412352,286.5927322426323,8.22969789216384,4.277924749060003,0.15993241965770721,68.9006118774414,4.310761746670494,0.14725232124328613,-68.76562505735082,0.16117195785045624,5.5838704109191895,110001505.05367757,9.59167766571045,1989509.041471818,3.897878408432007,218779628.57452652,5.693799018859863,VARIABLE,5.098072029634249e-13,40.96852111816406,822,798,299,331,495,529,314.9597104881897,512.1279505575541,12.96690481814619,13.696578411840164,0.39540435768219595,2.490626783999204e-06,2.6598302726389115e-06,4.589746644138251e-08,3.7242109775543213,3.5768332481384277,1.1580041646957397,0.07718735188245773,0.07307526469230652,-0.004456619266420603,1320749.875,1321119.375,25372.646484375,27847.771484375,315,513,315,513,0,1319963.7680970759,0.0,286.5927511993866,8.22963103225281,1.702981626294786e-05,0.24069567970741446,-0.062197869232190894,8.2370019899356,7-13-26_R_Aql-001_60s_c.new
4307450193249412352,286.5927322426323,8.22969789216384,4.277924749060003,0.15993241965770721,68.9006118774414,4.310761746670494,0.14725232124328613,-68.76562505735082,0.16117195785045624,5.5838704109191895,110001505.05367757,9.59167766571045,1989509.041471818,3.897878408432007,218779628.57452652,5.693799018859863,VARIABLE,5.098072029634249e-13,41.04370880126953,9,1,345,347,473,475,346.00761461143173,474.00327002981595,0.5056012036978841,0.5060482674645121,-0.0012585949102044136,0.00025574901156796744,0.0002557308718916981,9.551397326300272e-09,0.7121116518974304,0.7103143334388733,-0.8732839226722717,1.9778556823730469,1.9761083126068115,0.009838267229497433,1397.0810546875,1406.056640625,341.8009338378906,1343.267822265625,346,474,346,474,0,1359.6515153503417,0.0,286.5868667641175,8.235560367749308,0.005694722867986002,-21.104912107686147,19.24486962622057,15.544350784642349,7-13-26_R_Aql-002_60s_c.new
4307450193249412352,286.5927322426323,8.22969789216384,4.277924749060003,0.15993241965770721,68.9006118774414,4.310761746670494,0.14725232124328613,-68.76562505735082,0.16117195785045624,5.5838704109191895,110001505.05367757,9.59167766571045,1989509.041471818,3.897878408432007,218779628.57452652,5.693799018859863,VARIABLE,5.098072029634249e-13,40.98555374145508,9,1,345,347,473,475,345.9968547896947,473.97997376736635,0.5087530739129179,0.5070245860078557,-0.006660561429355005,0.0002984377342534692,0.0002986128359574668,2.8195999601506246e-08,0.7173599004745483,0.7079353332519531,-0.720880925655365,1.9659281969070435,1.972630262374878,0.051651086658239365,1291.42822265625,1286.385009765625,314.455322265625,1247.1434326171875,346,474,346,474,0,1253.3788737487794,0.0,286.5870306382098,8.235624224867603,0.005529082105624639,-21.334797733549493,18.707192174346236,15.786809042650097,7-13-26_R_Aql-003_60s_c.new
4307450193249412352,286.5927322426323,8.22969789216384,4.277924749060003,0.15993241965770721,68.9006118774414,4.310761746670494,0.14725232124328613,-68.76562505735082,0.16117195785045624,5.5838704109191895,110001505.05367757,9.59167766571045,1989509.041471818,3.897878408432007,218779628.57452652,5.693799018859863,VARIABLE,5.098072029634249e-13,41.044097900390625,806,778,301,332,493,527,316.12507342311244,511.1096764683956,13.0616099441377,13.785164079479557,1.1956977555635717,2.3792872433177655e-06,2.6733053824425054e-06,1.6265848273840786e-07,3.8304853439331055,3.4891483783721924,0.9323026537895203,0.07717301696538925,0.07312236726284027,-0.013387667946517467,1311568.875,1311919.0,21913.36328125,23426.900390625,316,512,315,511,0,1309163.938361665,0.0,286.59268674449515,8.22961522388135,4.785227423553806e-05,0.2976058169629425,0.14928120783683424,8.36689846663013,7-13-26_R_Aql-004_60s_c.new
4307450193249412352,286.5927322426323,8.22969789216384,4.277924749060003,0.15993241965770721,68.9006118774414,4.310761746670494,0.14725232124328613,-68.76562505735082,0.16117195785045624,5.5838704109191895,110001505.05367757,9.59167766571045,1989509.041471818,3.897878408432007,218779628.57452652,5.693799018859863,VARIABLE,5.098072029634249e-13,40.993534088134766,9,1,345,347,473,475,345.9979975115738,473.99469360114495,0.5027671316880995,0.5041737862236763,-0.0009840062103378955,0.0003001455305783081,0.000300156402343314,4.7839918684894685e-09,0.7104083299636841,0.7087036967277527,-1.095679521560669,1.9889999628067017,1.9834506511688232,0.0077639431692659855,1287.9940185546875,1286.689453125,318.23779296875,1257.849365234375,346,474,346,474,0,1270.9834524536134,0.0,286.5868100624272,8.235387021179292,0.005756380461832578,-20.480864455630154,19.430910140015058,15.689756796415422,7-13-26_R_Aql-005_60s_c.new
4307450193249412352,286.5927322426323,8.22969789216384,4.277924749060003,0.15993241965770721,68.9006118774414,4.310761746670494,0.14725232124328613,-68.76562505735082,0.16117195785045624,5.5838704109191895,110001505.05367757,9.59167766571045,1989509.041471818,3.897878408432007,218779628.57452652,5.693799018859863,VARIABLE,5.098072029634249e-13,40.91610336303711,9,1,345,347,473,475,346.0057233087806,473.9860528880125,0.510188017242373,0.5049882078286578,0.00933138900475794,0.0003905147419928023,0.00039060949515513254,-4.675615819870797e-08,0.7192182540893555,0.7056212425231934,0.6495342254638672,1.9607243537902832,1.980913758277893,-0.07246221601963043,1127.06591796875,1140.0609130859375,274.3017883300781,1069.31884765625,346,474,346,474,0,1090.165229949951,0.0,286.5872824770085,8.235511164092411,0.005280594878797729,-20.92777894285902,17.880899002247023,15.872681209317376,7-13-26_R_Aql-006_60s_c.new
4307450193249412352,286.5927322426323,8.22969789216384,4.277924749060003,0.15993241965770721,68.9006118774414,4.310761746670494,0.14725232124328613,-68.76562505735082,0.16117195785045624,5.5838704109191895,110001505.05367757,9.59167766571045,1989509.041471818,3.897878408432007,218779628.57452652,5.693799018859863,VARIABLE,5.098072029634249e-13,41.034908294677734,9,1,345,347,473,475,346.0063593798759,473.9935817749316,0.5055068529957907,0.5059633344552202,0.0012960923995333218,0.00030605909498004354,0.0003060594401481408,-1.8736993875263638e-08,0.7120752334594727,0.7102246284484863,0.8725541234016418,1.978225588798523,1.9764407873153687,-0.010134975425899029,1276.8125,1290.185546875,313.1976318359375,1233.3140869140625,346,474,346,474,0,1245.9447251892093,0.0,286.5874284473604,8.235661869205478,0.005130355774099371,-21.470317349897527,17.401964438773266,15.668052635095615,7-13-26_R_Aql-007_60s_c.new
4307450193249412352,286.5927322426323,8.22969789216384,4.277924749060003,0.15993241965770721,68.9006118774414,4.310761746670494,0.14725232124328613,-68.76562505735082,0.16117195785045624,5.5838704109191895,110001505.05367757,9.59167766571045,1989509.041471818,3.897878408432007,218779628.57452652,5.693799018859863,VARIABLE,5.098072029634249e-13,41.107872009277344,9,1,345,347,473,475,346.0017690849196,474.0066072562058,0.5044358376665747,0.5065081914993708,0.004955799189120036,0.00020558445700048496,0.00020559695426875855,3.604535651624264e-09,0.7145172953605652,0.7073959708213806,0.8884553909301758,1.9826033115386963,1.9744914770126343,-0.03879654407501221,1560.6085205078125,1574.21875,382.77410888671875,1505.42578125,346,474,346,474,0,1522.7075674438477,0.0,286.58678179343826,8.23565615574224,0.0057769069729829425,-21.44974888223885,19.523661823538973,15.467145682976348,7-13-26_R_Aql-008_60s_c.new
4307450193249412352,286.5927322426323,8.22969789216384,4.277924749060003,0.15993241965770721,68.9006118774414,4.310761746670494,0.14725232124328613,-68.76562505735082,0.16117195785045624,5.5838704109191895,110001505.05367757,9.59167766571045,1989509.041471818,3.897878408432007,218779628.57452652,5.693799018859863,VARIABLE,5.098072029634249e-13,41.0032844543457,9,1,345,347,473,475,345.9962712235084,473.9958804184852,0.5059011782108653,0.5059935151608476,-0.00021058756005065682,0.000363449956824238,0.0003634516289377866,8.37425682480257e-09,0.7114512920379639,0.711148202419281,-0.8933091163635254,1.9766709804534912,1.9763102531433105,0.0016453267307952046,1170.74951171875,1164.251220703125,286.95452880859375,1139.97314453125,346,474,346,474,0,1144.3695373535156,0.0,286.5873455971677,8.235689198268094,0.005212386745824915,-21.568701975316884,17.67379923506807,15.760249207110846,7-13-26_R_Aql-009_60s_c.new
4307450193249412352,286.5927322426323,8.22969789216384,4.277924749060003,0.15993241965770721,68.9006118774414,4.310761746670494,0.14725232124328613,-68.76562505735082,0.16117195785045624,5.5838704109191895,110001505.05367757,9.59167766571045,1989509.041471818,3.897878408432007,218779628.57452652,5.693799018859863,VARIABLE,5.098072029634249e-13,41.09440231323242,9,1,345,347,473,475,346.00146167082306,474.00912721420775,0.508495421607623,0.5111567381905298,-0.0011997808822601375,0.0004318003702144913,0.0004318529436135404,8.640934213774142e-09,0.7152746319770813,0.7127653360366821,-1.2039347887039185,1.9665969610214233,1.9563579559326172,0.00923194456845522,1076.4775390625,1086.5535888671875,259.7752990722656,1008.02392578125,346,474,346,474,0,1030.0634968566894,0.0,286.58751089097467,8.23568132067761,0.005047387433592121,-21.54034264957474,17.13146364268565,16.028280545068462,7-13-26_R_Aql-010_60s_c.new
4307450193249412352,286.5927322426323,8.22969789216384,4.277924749060003,0.15993241965770721,68.9006118774414,4.310761746670494,0.14725232124328613,-68.76562505735082,0.16117195785045624,5.5838704109191895,110001505.05367757,9.59167766571045,1989509.041471818,3.897878408432007,218779628.57452652,5.693799018859863,VARIABLE,5.098072029634249e-13,40.976768493652344,9,1,345,347,473,475,346.0056619502507,474.00634951942436,0.5064605844409142,0.5058559080430767,0.0014918711689646535,0.00021238923099590237,0.00021239186196298746,1.1452749810497014e-08,0.7125169634819031,0.7103773951530457,0.6854236125946045,1.9745044708251953,1.9768646955490112,-0.011646424420177937,1530.5411376953125,1555.662353515625,374.467041015625,1457.05029296875,346,474,346,474,0,1487.3600483703613,0.0,286.587347389334,8.235751835239972,0.005208796050112596,-21.794195074076583,17.667919065745924,15.586751887956813,7-13-26_R_Aql-011_60s_c.new
4307450193249412352,286.5927322426323,8.22969789216384,4.277924749060003,0.15993241965770721,68.9006118774414,4.310761746670494,0.14725232124328613,-68.76562505735082,0.16117195785045624,5.5838704109191895,110001505.05367757,9.59167766571045,1989509.041471818,3.897878408432007,218779628.57452652,5.693799018859863,VARIABLE,5.098072029634249e-13,40.91477584838867,9,1,345,347,473,475,346.00730157770124,474.0007398149282,0.5034092030067117,0.502438491328751,-0.0012357571718846216,5.5295076303877664e-05,5.529070012783117e-05,4.4800493023964006e-10,0.7101066708564758,0.7082345485687256,-0.598273515701294,1.9864674806594849,1.9903054237365723,0.00977151095867157,2995.14208984375,2997.155029296875,740.5825805664062,2938.45751953125,346,474,346,474,0,2956.765102844238,0.0,286.5871274429889,8.235758057744633,0.0054284728873312815,-21.81659609085571,18.389571821912266,14.906409092988923,7-13-26_R_Aql-012_60s_c.new
4307450193249412352,286.5927322426323,8.22969789216384,4.277924749060003,0.15993241965770721,68.9006118774414,4.310761746670494,0.14725232124328613,-68.76562505735082,0.16117195785045624,5.5838704109191895,110001505.05367757,9.59167766571045,1989509.041471818,3.897878408432007,218779628.57452652,5.693799018859863,VARIABLE,5.098072029634249e-13,40.966102600097656,858,832,305,337,494,528,320.84066388316216,511.4721044590104,13.658823901847143,14.845248240205251,-0.1395796754563321,2.6745115442900464e-06,2.922128311687352e-06,-6.413198223499543e-08,3.8550548553466797,3.6935923099517822,-1.4552507400512695,0.07321978360414505,0.06736809760332108,0.0013768706703558564,1320887.5,1321266.125,22984.85546875,24912.728515625,321,512,321,512,0,1318519.8009786988,0.0,286.5927414472551,8.229610115687809,6.68132327064086e-06,0.3159953137107152,-0.030200735635303316,8.502944373032978,7-13-26_R_Aql-013_60s_c.new
4307450193249412352,286.5927322426323,8.22969789216384,4.277924749060003,0.15993241965770721,68.9006118774414,4.310761746670494,0.14725232124328613,-68.76562505735082,0.16117195785045624,5.5838704109191895,110001505.05367757,9.59167766571045,1989509.041471818,3.897878408432007,218779628.57452652,5.693799018859863,VARIABLE,5.098072029634249e-13,40.92626190185547,9,2,345,347,473,475,346.0055852113503,474.0018638895882,0.5017495665556231,0.5012201736383397,-0.0002571264929640549,1.5431401774748455e-05,1.5430760155478568e-05,2.4095509346099e-10,0.7084164619445801,0.7078953385353088,-0.3854461908340454,1.993026614189148,1.9951317310333252,0.0020448495633900166,5671.169921875,5678.0927734375,1410.3685302734375,5612.95556640625,346,474,346,474,0,5636.253854980469,0.0,286.58757657746906,8.235689702890994,0.004981487264160478,-21.570518617756562,16.915943627116313,14.057819573433946,7-13-26_R_Aql-014_60s_c.new
4307450193249412352,286.5927322426323,8.22969789216384,4.277924749060003,0.15993241965770721,68.9006118774414,4.310761746670494,0.14725232124328613,-68.76562505735082,0.16117195785045624,5.5838704109191895,110001505.05367757,9.59167766571045,1989509.041471818,3.897878408432007,218779628.57452652,5.693799018859863,VARIABLE,5.098072029634249e-13,40.91083526611328,9,1,345,347,473,475,346.00458307320673,474.00107891959743,0.5019854022895052,0.5018454264551899,-0.000658077116500122,1.5031528847791741e-05,1.5031081512482342e-05,1.1148761034270436e-10,0.708926796913147,0.707992672920227,-0.7324212193489075,1.9920932054519653,1.9926488399505615,0.005224520806223154,5743.8984375,5743.6103515625,1425.8721923828125,5669.7900390625,346,474,346,474,0,5697.647933044434,0.0,286.58716281842504,8.235646272550982,0.005396323113075141,-21.414169393712257,18.273503600915237,14.100194271321039,7-13-26_R_Aql-015_60s_c.new
4307450193249412352,286.5927322426323,8.22969789216384,4.277924749060003,0.15993241965770721,68.9006118774414,4.310761746670494,0.14725232124328613,-68.76562505735082,0.16117195785045624,5.5838704109191895,110001505.05367757,9.59167766571045,1989509.041471818,3.897878408432007,218779628.57452652,5.693799018859863,VARIABLE,5.098072029634249e-13,40.96306610107422,9,1,345,347,473,475,346.0013744038851,473.9983772879469,0.5010755447347637,0.500815955056384,0.0005600581529457971,1.5620435862324497e-05,1.5620453299563707e-05,-5.22563428726279e-11,0.7081812024116516,0.7073689699172974,0.6715320944786072,1.9957095384597778,1.9967440366744995,-0.004463569261133671,5641.69482421875,5628.802734375,1405.751953125,5611.94287109375,346,474,346,474,0,5623.5086392211915,0.0,286.58766157923174,8.235578211237252,0.00489972317751608,-21.169148664284876,16.637049443724404,14.30200589998568,7-13-26_R_Aql-016_60s_c.new
4307450193249412352,286.5927322426323,8.22969789216384,4.277924749060003,0.15993241965770721,68.9006118774414,4.310761746670494,0.14725232124328613,-68.76562505735082,0.16117195785045624,5.5838704109191895,110001505.05367757,9.59167766571045,1989509.041471818,3.897878408432007,218779628.57452652,5.693799018859863,VARIABLE,5.098072029634249e-13,40.83433151245117,9,2,345,347,473,475,346.00391314083464,473.9995167739209,0.5018337421421151,0.5013022029503581,-0.0013205525682427055,1.4536886413599603e-05,1.4536557615015849e-05,-4.1231442018863804e-11,0.7091649770736694,0.7072629928588867,-0.6860964894294739,1.9927057027816772,1.9948185682296753,0.010498547926545143,5829.8564453125,5828.25,1449.455322265625,5771.51025390625,346,474,346,474,0,5792.731550140381,0.0,286.58782656092205,8.235637052408702,0.00473311935837728,-21.380976881504665,16.095737918522776,14.049846950544321,7-13-26_R_Aql-017_60s_c.new
4307450193249412352,286.5927322426323,8.22969789216384,4.277924749060003,0.15993241965770721,68.9006118774414,4.310761746670494,0.14725232124328613,-68.76562505735082,0.16117195785045624,5.5838704109191895,110001505.05367757,9.59167766571045,1989509.041471818,3.897878408432007,218779628.57452652,5.693799018859863,VARIABLE,5.098072029634249e-13,40.92407989501953,9,1,345,347,473,475,346.0011371757528,473.99744737596956,0.5085851900877212,0.5055218437444199,-0.002885827951795261,0.00036047877235383005,0.0003604815963682976,-1.56958397594442e-09,0.7143672704696655,0.7097791433334351,-0.541423499584198,1.9663026332855225,1.9782179594039917,0.022449716925621033,1173.2825927734375,1173.0911865234375,285.7690124511719,1120.4405517578125,346,474,346,474,0,1137.5710166931153,0.0,286.58780099769297,8.23578506095877,0.0047544204529685885,-21.91380766175115,16.179611895687408,15.931137251945113,7-13-26_R_Aql-018_60s_c.new
4307450193249412352,286.5927322426323,8.22969789216384,4.277924749060003,0.15993241965770721,68.9006118774414,4.310761746670494,0.14725232124328613,-68.76562505735082,0.16117195785045624,5.5838704109191895,110001505.05367757,9.59167766571045,1989509.041471818,3.897878408432007,218779628.57452652,5.693799018859863,VARIABLE,5.098072029634249e-13,40.97471618652344,9,1,345,347,473,475,345.99451126570415,473.99533655058013,0.5040431127187868,0.5036712187868995,-0.0007565991041875719,0.00031475937430560047,0.0003147554186938169,1.2084530596410764e-08,0.71037757396698,0.7092799544334412,-0.6649028658866882,1.9839617013931274,1.985426664352417,0.005960490088909864,1257.18603515625,1257.6361083984375,310.3116149902344,1232.104736328125,346,474,346,474,0,1238.9397430419922,0.0,286.5873979399493,8.235900355109584,0.005153999955894051,-22.32886660467841,17.502060474925237,15.895242081238187,7-13-26_R_Aql-019_60s_c.new
4307450193249412352,286.5927322426323,8.22969789216384,4.277924749060003,0.15993241965770721,68.9006118774414,4.310761746670494,0.14725232124328613,-68.76562505735082,0.16117195785045624,5.5838704109191895,110001505.05367757,9.59167766571045,1989509.041471818,3.897878408432007,218779628.57452652,5.693799018859863,VARIABLE,5.098072029634249e-13,41.01584243774414,9,1,345,347,473,475,346.00870446697655,473.99587512997346,0.5075318469300472,0.5075081824661489,-0.005206241767239161,0.0002893255256009624,0.00028930003030104557,-1.5580489748559704e-08,0.716049075126648,0.7087409496307373,-0.7842618227005005,1.9705270528793335,1.9706189632415771,0.04042906314134598,1312.6412353515625,1312.8026123046875,320.32733154296875,1263.7344970703125,346,474,346,474,0,1275.452096710205,0.0,286.5879805801913,8.235944121988604,0.004570342908095881,-22.486427369152295,15.590394535356,15.84278265907669,7-13-26_R_Aql-020_60s_c.new
4307450193249412352,286.5927322426323,8.22969789216384,4.277924749060003,0.15993241965770721,68.9006118774414,4.310761746670494,0.14725232124328613,-68.76562505735082,0.16117195785045624,5.5838704109191895,110001505.05367757,9.59167766571045,1989509.041471818,3.897878408432007,218779628.57452652,5.693799018859863,VARIABLE,5.098072029634249e-13,40.85840606689453,7,2,332,334,459,461,333.26537203612975,460.00113139500496,0.4190168176210953,0.46811834135527075,0.0004767586591769568,0.0011376928951395216,0.0013261909103480676,-5.341415450209141e-08,0.6841951012611389,0.6473115086555481,1.5610878467559814,2.3865418434143066,2.1362144947052,-0.004861182998865843,498.650634765625,615.25732421875,121.18742370605469,385.5099182128906,333,460,333,460,0,500.82038162231447,0.0,286.5900950786314,8.238590674015501,0.002380680396470325,-32.014014665983126,8.652640573425419,16.72742517368928,7-13-26_R_Aql-021_60s_c.new
4307450193249412352,286.5927322426323,8.22969789216384,4.277924749060003,0.15993241965770721,68.9006118774414,4.310761746670494,0.14725232124328613,-68.76562505735082,0.16117195785045624,5.5838704109191895,110001505.05367757,9.59167766571045,1989509.041471818,3.897878408432007,218779628.57452652,5.693799018859863,VARIABLE,5.098072029634249e-13,40.91492462158203,9,1,345,347,473,475,346.0046974581583,473.9860440483641,0.5075867158435772,0.5028833572538641,-0.001780533866582279,0.0003238435451260236,0.0003239274352209522,-3.18445052384362e-08,0.7128707766532898,0.7087209224700928,-0.32402530312538147,1.9701311588287354,1.9885573387145996,0.013951089233160019,1237.6116943359375,1232.3955078125,303.24603271484375,1203.1956787109375,346,474,346,474,0,1209.8985316467285,0.0,286.58791895555606,8.23588409618525,0.0046336664114505766,-22.270334477079246,15.792587428552405,16.1742851567779,7-13-26_R_Aql-022_60s_c.new
4307450193249412352,286.5927322426323,8.22969789216384,4.277924749060003,0.15993241965770721,68.9006118774414,4.310761746670494,0.14725232124328613,-68.76562505735082,0.16117195785045624,5.5838704109191895,110001505.05367757,9.59167766571045,1989509.041471818,3.897878408432007,218779628.57452652,5.693799018859863,VARIABLE,5.098072029634249e-13,40.95750427246094,9,1,345,347,473,475,346.0116140123213,474.0030409860374,0.505688015569435,0.5057028159090107,-0.0012665941382825618,0.0002901581528183094,0.000290103481681414,1.5368620421043483e-08,0.7120126485824585,0.7102314829826355,-0.7883194088935852,1.9775162935256958,1.9774583578109741,0.0099058598279953,1308.9501953125,1306.8306884765625,320.8205261230469,1266.4849853515625,346,474,346,474,0,1279.6822317504884,0.0,286.58787126146524,8.235936792235366,0.004679827075619869,-22.460040257494995,15.9490736483105,15.828634186252474,7-13-26_R_Aql-023_60s_c.new
4307450193249412352,286.5927322426323,8.22969789216384,4.277924749060003,0.15993241965770721,68.9006118774414,4.310761746670494,0.14725232124328613,-68.76562505735082,0.16117195785045624,5.5838704109191895,110001505.05367757,9.59167766571045,1989509.041471818,3.897878408432007,218779628.57452652,5.693799018859863,VARIABLE,5.098072029634249e-13,40.86675262451172,9,1,345,347,473,475,346.01063344417594,473.9995001876834,0.5037688100825348,0.5059331238350441,-0.01157213288008041,0.00023526763082500562,0.0002352278231215564,-1.8752565679269318e-09,0.7186609506607056,0.7023021578788757,-0.8320196270942688,1.9860810041427612,1.9775848388671875,0.09085467457771301,1450.404052734375,1440.2125244140625,356.8840637207031,1428.91259765625,346,474,346,474,0,1424.0079258728028,0.0,286.5884158767233,8.235970254722313,0.004134475322700837,-22.580505210503077,14.162169202083492,15.889414437605339,7-13-26_R_Aql-024_60s_c.new
4307450193249412352,286.5927322426323,8.22969789216384,4.277924749060003,0.15993241965770721,68.9006118774414,4.310761746670494,0.14725232124328613,-68.76562505735082,0.16117195785045624,5.5838704109191895,110001505.05367757,9.59167766571045,1989509.041471818,3.897878408432007,218779628.57452652,5.693799018859863,VARIABLE,5.098072029634249e-13,40.74505615234375,9,1,345,347,473,475,345.99148291885615,474.014213147392,0.5078454233986862,0.5053283391842505,-0.006508278074611296,0.0003451333469409187,0.00034520036776485653,-6.266311403276871e-08,0.7163907885551453,0.7070770859718323,-0.6898891925811768,1.9694281816482544,1.9792380332946777,0.05072973296046257,1193.900634765625,1191.3714599609375,291.62335205078125,1141.2745361328125,346,474,346,474,0,1164.1337495422363,0.0,286.5884516901245,8.235951042032827,0.004099228606150973,-22.511339528355023,14.04466400017177,16.23187643396496,7-13-26_R_Aql-025_60s_c.new
4307450193249412352,286.5927322426323,8.22969789216384,4.277924749060003,0.15993241965770721,68.9006118774414,4.310761746670494,0.14725232124328613,-68.76562505735082,0.16117195785045624,5.5838704109191895,110001505.05367757,9.59167766571045,1989509.041471818,3.897878408432007,218779628.57452652,5.693799018859863,VARIABLE,5.098072029634249e-13,40.74161911010742,9,1,345,347,473,475,346.0058940397382,473.9877419646835,0.504835144469824,0.5097321943627134,-0.0018222078172696055,0.0002895207522859018,0.00028957091770849986,-3.1374893127900596e-08,0.7143779397010803,0.7100926041603088,-1.25090491771698,1.980870246887207,1.9618397951126099,0.014162562787532806,1303.3853759765625,1293.8846435546875,317.2200927734375,1251.3486328125,346,474,346,474,0,1265.4770468139648,0.0,286.58797905197565,8.236008389437632,0.004570024334839218,-22.717790185654252,15.595408672026533,16.147595859459877,7-13-26_R_Aql-026_60s_c.new
4307450193249412352,286.5927322426323,8.22969789216384,4.277924749060003,0.15993241965770721,68.9006118774414,4.310761746670494,0.14725232124328613,-68.76562505735082,0.16117195785045624,5.5838704109191895,110001505.05367757,9.59167766571045,1989509.041471818,3.897878408432007,218779628.57452652,5.693799018859863,VARIABLE,5.098072029634249e-13,40.80176544189453,9,1,345,347,473,475,345.998516073119,473.9918035597458,0.5056525179474936,0.5058326919383322,-0.0011549408822716378,0.0002816260271833279,0.0002816534770099565,5.138074450836924e-09,0.7119698524475098,0.7103408575057983,-0.8243200778961182,1.9776530265808105,1.976948618888855,0.009030940011143684,1323.4464111328125,1331.72216796875,324.78033447265625,1283.5556640625,346,474,346,474,0,1292.3696086120606,0.0,286.5885877880213,8.236034381411496,0.003960792852353734,-22.811361291564225,13.59812135681021,15.936361731755962,7-13-26_R_Aql-027_60s_c.new
4307450193249412352,286.5927322426323,8.22969789216384,4.277924749060003,0.15993241965770721,68.9006118774414,4.310761746670494,0.14725232124328613,-68.76562505735082,0.16117195785045624,5.5838704109191895,110001505.05367757,9.59167766571045,1989509.041471818,3.897878408432007,218779628.57452652,5.693799018859863,VARIABLE,5.098072029634249e-13,40.78181076049805,9,1,345,347,473,475,346.00261087771673,473.9935287757681,0.5006531641495273,0.5021882197779008,-0.0001274605919231453,0.0003584232981711998,0.00035844214749230076,-9.083558773450112e-09,0.708659827709198,0.7075610756874084,-1.4885140657424927,1.997390866279602,1.9912854433059692,0.0010139171499758959,1172.556396484375,1163.003173828125,291.50274658203125,1164.96435546875,346,474,346,474,0,1166.9521713256836,0.0,286.58871762898036,8.235958003090705,0.0038331995337443914,-22.536399336714652,13.172107976490192,16.08577143104492,7-13-26_R_Aql-028_60s_c.new
4307450193249412352,286.5927322426323,8.22969789216384,4.277924749060003,0.15993241965770721,68.9006118774414,4.310761746670494,0.14725232124328613,-68.76562505735082,0.16117195785045624,5.5838704109191895,110001505.05367757,9.59167766571045,1989509.041471818,3.897878408432007,218779628.57452652,5.693799018859863,VARIABLE,5.098072029634249e-13,40.82227325439453,9,1,345,347,473,475,346.01741399887163,473.9956293368245,0.5024453771556696,0.5020138463199505,-0.0012995456769313574,0.00030833301985964896,0.0003082016628384612,-3.518516916568688e-08,0.7096104025840759,0.7077515721321106,-0.7031328678131104,1.9902794361114502,1.9919902086257935,0.01030433364212513,1265.753173828125,1260.9210205078125,314.11932373046875,1253.3892822265625,346,474,346,474,0,1256.693513031006,0.0,286.5886179395963,8.235845658031074,0.003936074986086169,-22.13195712204552,13.499192833159558,16.157733124520423,7-13-26_R_Aql-029_60s_c.new
4307450193249412352,286.5927322426323,8.22969789216384,4.277924749060003,0.15993241965770721,68.9006118774414,4.310761746670494,0.14725232124328613,-68.76562505735082,0.16117195785045624,5.5838704109191895,110001505.05367757,9.59167766571045,1989509.041471818,3.897878408432007,218779628.57452652,5.693799018859863,VARIABLE,5.098072029634249e-13,41.04558181762695,1045,1008,494,530,546,585,512.0560820513156,566.4042870725843,16.399785932282043,18.772341295765216,-0.31702663392229624,3.4803214018156427e-06,3.982023153174442e-06,-8.955707295047048e-08,4.337507724761963,4.044521331787109,-1.4402252435684204,0.060996320098638535,0.05328725650906563,0.0020602073054760695,1400277.375,1400712.75,20863.80859375,22313.498046875,512,567,512,567,0,1398779.4905154412,0.0,286.5927266861807,8.229641869796438,7.162212739331153e-06,0.20168052264395442,0.01823093990283269,8.803289261141112,7-14-26_R_Aql_-001_60s_c.new
4307450193249412352,286.5927322426323,8.22969789216384,4.277924749060003,0.15993241965770721,68.9006118774414,4.310761746670494,0.14725232124328613,-68.76562505735082,0.16117195785045624,5.5838704109191895,110001505.05367757,9.59167766571045,1989509.041471818,3.897878408432007,218779628.57452652,5.693799018859863,VARIABLE,5.098072029634249e-13,40.99221420288086,1014,974,496,532,546,584,514.1112872136201,565.7190602521518,17.45798698569172,17.934121615537038,-0.4581298788486947,3.3837851208622625e-06,3.7163313383307273e-06,-1.6376577406220984e-07,4.267592906951904,4.144847393035889,-1.0250201225280762,0.0573187954723835,0.0557970330119133,0.002928434871137142,1389577.875,1389979.25,19199.5078125,20265.138671875,514,566,514,566,0,1389581.529459687,0.0,286.59272979191445,8.229639889714697,4.114594162274443e-06,0.20880881691240916,0.008040903227501985,8.720224317835335,7-14-26_R_Aql_-002_60s_c.new
4307450193249412352,286.5927322426323,8.22969789216384,4.277924749060003,0.15993241965770721,68.9006118774414,4.310761746670494,0.14725232124328613,-68.76562505735082,0.16117195785045624,5.5838704109191895,110001505.05367757,9.59167766571045,1989509.041471818,3.897878408432007,218779628.57452652,5.693799018859863,VARIABLE,5.098072029634249e-13,40.99852752685547,1021,983,498,533,547,584,515.3379512071343,565.8661636003569,17.211389794229433,18.400401799820543,-0.036262488696024775,3.3782435639614564e-06,3.7204743275705283e-06,-7.65194425906247e-08,4.289697647094727,4.148528099060059,-1.540336012840271,0.05810130015015602,0.05434686318039894,0.00022900562908034772,1397164.25,1397508.25,19957.5390625,21905.271484375,515,566,516,566,0,1394484.5712548825,0.0,286.59276306752014,8.229643338068088,2.924628103073701e-05,0.19639474470380947,-0.10113769005832182,8.779805804992023,7-14-26_R_Aql_-003_60s_c.new
4307450193249412352,286.5927322426323,8.22969789216384,4.277924749060003,0.15993241965770721,68.9006118774414,4.310761746670494,0.14725232124328613,-68.76562505735082,0.16117195785045624,5.5838704109191895,110001505.05367757,9.59167766571045,1989509.041471818,3.897878408432007,218779628.57452652,5.693799018859863,VARIABLE,5.098072029634249e-13,41.037410736083984,1093,1063,497,534,544,584,515.2406785597123,565.1358531116475,19.075301927613168,18.809063712720615,-0.517864436749619,3.85716619036771e-06,4.323858777635229e-06,-8.682880808499444e-08,4.413262367248535,4.290394306182861,-0.6595948934555054,0.052463024854660034,0.05320562794804573,0.0028888981323689222,1401894.875,1402382.375,18943.90234375,20059.197265625,515,566,515,566,0,1400478.841074675,0.0,286.5927160639751,8.22965230073518,1.7480635676747625e-05,0.1641291431724312,0.05308282134279125,8.72130129294493,7-14-26_R_Aql_-004_60s_c.new
4307450193249412352,286.5927322426323,8.22969789216384,4.277924749060003,0.15993241965770721,68.9006118774414,4.310761746670494,0.14725232124328613,-68.76562505735082,0.16117195785045624,5.5838704109191895,110001505.05367757,9.59167766571045,1989509.041471818,3.897878408432007,218779628.57452652,5.693799018859863,VARIABLE,5.098072029634249e-13,41.080326080322266,987,966,497,532,546,583,513.803266422449,565.034466848411,16.13915966676285,16.82470370488261,0.027381641578415383,3.1508403997001342e-06,3.5129057389623198e-06,-8.165155477840313e-08,4.101925849914551,4.017221450805664,1.5309394598007202,0.06196126714348793,0.05943657457828522,-0.0002016797661781311,1400387.25,1400842.25,21724.87109375,23231.009765625,514,566,514,566,0,1399014.1354365535,0.0,286.5927599554337,8.229645103668012,2.618615604887964e-05,0.190038584977259,-0.0909268098978555,8.861218311364807,7-14-26_R_Aql_-005_60s_c.new
4307450193249412352,286.5927322426323,8.22969789216384,4.277924749060003,0.15993241965770721,68.9006118774414,4.310761746670494,0.14725232124328613,-68.76562505735082,0.16117195785045624,5.5838704109191895,110001505.05367757,9.59167766571045,1989509.041471818,3.897878408432007,218779628.57452652,5.693799018859863,VARIABLE,5.098072029634249e-13,40.913902282714844,9,1,535,537,542,544,535.9965167517777,542.9926713454864,0.5154497817887304,0.5103751963811864,0.00053539391470947,0.0003365309319263891,0.0003365519190396341,1.2885967041009356e-08,0.7179872393608093,0.7143663763999939,0.10397962480783463,1.9400553703308105,1.9593449831008911,-0.0040703145787119865,1214.0189208984375,1221.4150390625,289.9519958496094,1122.44140625,536,543,536,543,0,1147.7760415649414,0.0,286.58909411410576,8.233046197406706,0.003540499540406472,-12.053898874319202,11.936845220646301,16.3641398813622,7-14-26_R_Aql_-006_60s_c.new
4307450193249412352,286.5927322426323,8.22969789216384,4.277924749060003,0.15993241965770721,68.9006118774414,4.310761746670494,0.14725232124328613,-68.76562505735082,0.16117195785045624,5.5838704109191895,110001505.05367757,9.59167766571045,1989509.041471818,3.897878408432007,218779628.57452652,5.693799018859863,VARIABLE,5.098072029634249e-13,40.81964874267578,20,11,488,491,555,560,489.2473470312946,557.4323126934136,0.7327801117855375,1.8026750405407483,-0.42345199996973504,0.00010472546103660233,0.00027653824804891897,-5.481412322889469e-05,1.3964200019836426,0.7651576995849609,-1.2360044717788696,1.5790046453475952,0.6418589949607849,0.7418227195739746,4038.79833984375,4204.8671875,509.8045959472656,1367.07177734375,489,558,489,558,0,2687.3402035522463,0.0,286.59783226431654,8.231447057318954,0.005148132475426337,-6.296994558412905,-16.73337514691366,15.424477838731141,7-14-26_R_Aql_-007_60s_c.new
4307450193249412352,286.5927322426323,8.22969789216384,4.277924749060003,0.15993241965770721,68.9006118774414,4.310761746670494,0.14725232124328613,-68.76562505735082,0.16117195785045624,5.5838704109191895,110001505.05367757,9.59167766571045,1989509.041471818,3.897878408432007,218779628.57452652,5.693799018859863,VARIABLE,5.098072029634249e-13,40.92258834838867,1031,994,499,534,545,583,516.2693342986636,564.8087204158322,18.827881825713746,17.6186929937939,-0.6673240747908267,3.4613872702359726e-06,3.7438138381885797e-06,-9.692715878827113e-08,4.373072624206543,4.1620683670043945,-0.4173385798931122,0.05318411439657211,0.05683419480919838,0.004028793890029192,1399980.0,1400390.0,18803.83203125,20489.68359375,516,565,516,566,0,1396829.6645188902,0.0,286.5927344510763,8.229624665005506,1.056440623870003e-07,0.26361777000047937,-0.007245993154601819,8.821134572414442,7-14-26_R_Aql_-008_60s_c.new
4307450193249412352,286.5927322426323,8.22969789216384,4.277924749060003,0.15993241965770721,68.9006118774414,4.310761746670494,0.14725232124328613,-68.76562505735082,0.16117195785045624,5.5838704109191895,110001505.05367757,9.59167766571045,1989509.041471818,3.897878408432007,218779628.57452652,5.693799018859863,VARIABLE,5.098072029634249e-13,40.92988204956055,1077,1048,500,537,544,582,517.7266669923991,564.4583275626394,19.664739719624095,18.83084205951269,0.17792080994854587,3.803874210778954e-06,4.037710736219635e-06,-1.3048719127787292e-07,4.438593864440918,4.335258483886719,0.20166371762752533,0.05085678771138191,0.053108908236026764,-0.0009610277484171093,1403147.75,1403601.125,18199.75,19478.3046875,518,565,518,565,0,1402689.0191821293,0.0,286.592727690502,8.229642663524169,6.135522369277169e-06,0.1988231028136056,0.014935721574142916,8.755558662400434,7-14-26_R_Aql_-009_60s_c.new
4307450193249412352,286.5927322426323,8.22969789216384,4.277924749060003,0.15993241965770721,68.9006118774414,4.310761746670494,0.14725232124328613,-68.76562505735082,0.16117195785045624,5.5838704109191895,110001505.05367757,9.59167766571045,1989509.041471818,3.897878408432007,218779628.57452652,5.693799018859863,VARIABLE,5.098072029634249e-13,40.78805160522461,1078,1037,501,538,544,582,519.3527095566617,564.3828557177745,18.883734435336805,20.228250803731044,-0.5260614336624485,3.7377554474773944e-06,4.109444820081774e-06,-1.3330870973880363e-07,4.5177001953125,4.3246235847473145,-1.2387980222702026,0.0529940202832222,0.0494716539978981,0.002756353933364153,1400406.875,1400855.5,17595.814453125,18468.08984375,519,565,519,565,0,1399810.3416831964,0.0,286.59272674656296,8.22964109226278,7.1241734076465946e-06,0.20447964381560269,0.0180328232834745,8.63622638382838,7-14-26_R_Aql_-010_60s_c.new
4307450193249412352,286.5927322426323,8.22969789216384,4.277924749060003,0.15993241965770721,68.9006118774414,4.310761746670494,0.14725232124328613,-68.76562505735082,0.16117195785045624,5.5838704109191895,110001505.05367757,9.59167766571045,1989509.041471818,3.897878408432007,218779628.57452652,5.693799018859863,VARIABLE,5.098072029634249e-13,40.90940856933594,1035,997,502,538,544,581,519.7525615850578,564.4547535641037,17.308175894950693,18.19305258322902,-0.33677498097154057,3.4652740632280697e-06,3.759987510024894e-06,-4.0575213448518374e-08,4.278626441955566,4.14663553237915,-1.2454874515533447,0.05779698118567467,0.05498584359884262,0.002139781368896365,1404480.75,1404960.25,20411.494140625,21845.490234375,520,565,520,565,0,1403529.834759215,0.0,286.59271433568966,8.229656423361714,1.9089874456312828e-05,0.14928768765187783,0.05875339500315931,8.639002000913989,7-14-26_R_Aql_-011_60s_c.new
4307450193249412352,286.5927322426323,8.22969789216384,4.277924749060003,0.15993241965770721,68.9006118774414,4.310761746670494,0.14725232124328613,-68.76562505735082,0.16117195785045624,5.5838704109191895,110001505.05367757,9.59167766571045,1989509.041471818,3.897878408432007,218779628.57452652,5.693799018859863,VARIABLE,5.098072029634249e-13,40.9310417175293,1019,985,499,535,545,582,516.7511996082565,565.1237613812291,17.61483716695949,17.905897090023984,-0.026096536414570437,3.3246766708930336e-06,3.7055315599874945e-06,-1.3222008539658542e-07,4.231810092926025,4.1967267990112305,-1.4820789098739624,0.0567704476416111,0.0558476448059082,0.00016547755512874573,1403190.75,1403579.125,19816.373046875,20766.59765625,517,566,516,566,0,1402837.5343446354,0.0,286.5927584750717,8.229636042624714,2.4446319287108054e-05,0.22265834085288816,-0.08606968309511558,8.555322719352795,7-14-26_R_Aql_-012_60s_c.new
4307450193249412352,286.5927322426323,8.22969789216384,4.277924749060003,0.15993241965770721,68.9006118774414,4.310761746670494,0.14725232124328613,-68.76562505735082,0.16117195785045624,5.5838704109191895,110001505.05367757,9.59167766571045,1989509.041471818,3.897878408432007,218779628.57452652,5.693799018859863,VARIABLE,5.098072029634249e-13,40.82453536987305,1001,966,501,536,545,582,518.4277107939154,564.8502087595241,17.42357598909166,17.5563154393343,0.27359307938513666,3.2109272888827578e-06,3.4834100483073573e-06,-6.355760913214864e-08,4.215622425079346,4.148303031921387,0.9043923020362854,0.057407546788454056,0.05697350203990936,-0.0017892487812787294,1406368.25,1406748.125,19966.6484375,21620.279296875,519,566,519,566,0,1404547.99168335,0.0,286.5927498882994,8.22966848866684,1.6794405212294805e-05,0.10585258919633134,-0.05789613967484456,8.374486502358998,7-14-26_R_Aql_-013_60s_c.new
4307450193249412352,286.5927322426323,8.22969789216384,4.277924749060003,0.15993241965770721,68.9006118774414,4.310761746670494,0.14725232124328613,-68.76562505735082,0.16117195785045624,5.5838704109191895,110001505.05367757,9.59167766571045,1989509.041471818,3.897878408432007,218779628.57452652,5.693799018859863,VARIABLE,5.098072029634249e-13,40.85313034057617,1001,966,502,537,544,582,519.2908323131574,564.9266925745317,16.64260703576656,16.931057124413485,-0.09112334928039445,3.1863391490938596e-06,3.5808111518959097e-06,-4.914735355540733e-08,4.117940425872803,4.076301097869873,-1.289054274559021,0.06008851155638695,0.059064798057079315,0.0006467955536209047,1405442.5,1405793.5,21165.87890625,22847.74609375,520,566,520,566,0,1403157.9453009032,0.0,286.59272609164634,8.229648229248287,7.5739627050097624e-06,0.1787864959887031,0.020181630906140526,8.494204827349495,7-14-26_R_Aql_-014_60s_c.new
4307450193249412352,286.5927322426323,8.22969789216384,4.277924749060003,0.15993241965770721,68.9006118774414,4.310761746670494,0.14725232124328613,-68.76562505735082,0.16117195785045624,5.5838704109191895,110001505.05367757,9.59167766571045,1989509.041471818,3.897878408432007,218779628.57452652,5.693799018859863,VARIABLE,5.098072029634249e-13,40.79529571533203,992,959,502,537,544,582,519.0718856341865,564.433972864362,16.539275192729804,17.396213073938554,-0.581274527090784,3.0821688290754615e-06,3.4805433551561245e-06,-8.796650171863534e-08,4.2059326171875,4.030585289001465,-1.1030014753341675,0.060533229261636734,0.05755135789513588,0.004045296926051378,1407320.375,1407694.625,20599.958984375,22092.84765625,519,565,519,565,0,1405951.1501699833,0.0,286.5927001507906,8.229672857475538,3.279720874616032e-05,0.09012487788382373,0.10529461616186836,8.681753843113507,7-14-26_R_Aql_-015_60s_c.new
4307450193249412352,286.5927322426323,8.22969789216384,4.277924749060003,0.15993241965770721,68.9006118774414,4.310761746670494,0.14725232124328613,-68.76562505735082,0.16117195785045624,5.5838704109191895,110001505.05367757,9.59167766571045,1989509.041471818,3.897878408432007,218779628.57452652,5.693799018859863,VARIABLE,5.098072029634249e-13,40.801239013671875,1005,970,500,536,544,582,518.0020425349497,564.1780634116583,17.162447896487834,17.143175476067142,-0.22538082036714968,3.250841804931779e-06,3.5294196078845422e-06,-1.3409140800785901e-07,4.168740749359131,4.1142706871032715,-0.7640335559844971,0.05827680602669716,0.05834232270717621,0.0015323269180953503,1404380.5,1404750.5,20248.970703125,21731.05078125,518,565,518,565,0,1404687.8803642278,0.0,286.5927411570205,8.229641632693236,7.295858836187108e-06,0.20253409417421153,-0.02924846431818878,8.45957140390755,7-14-26_R_Aql_-016_60s_c.new
4307450193249412352,286.5927322426323,8.22969789216384,4.277924749060003,0.15993241965770721,68.9006118774414,4.310761746670494,0.14725232124328613,-68.76562505735082,0.16117195785045624,5.5838704109191895,110001505.05367757,9.59167766571045,1989509.041471818,3.897878408432007,218779628.57452652,5.693799018859863,VARIABLE,5.098072029634249e-13,40.692466735839844,1011,986,503,538,545,582,520.808016932828,564.399353825782,16.99702269953184,17.855322307126244,0.1245421226549297,3.303490156255662e-06,3.5190882017992063e-06,-2.87216923663693e-08,4.2276506423950195,4.120596408843994,1.429572343826294,0.058836840093135834,0.05600857362151146,-0.00082078215200454,1402383.625,1402823.125,20577.8984375,21760.798828125,521,565,521,565,0,1400055.9480058295,0.0,286.59273779721434,8.229613471185722,3.1291010600398295e-06,0.3039155212228195,-0.018224805922423003,8.585413967117628,7-14-26_R_Aql_-017_60s_c.new
4307450193249412352,286.5927322426323,8.22969789216384,4.277924749060003,0.15993241965770721,68.9006118774414,4.310761746670494,0.14725232124328613,-68.76562505735082,0.16117195785045624,5.5838704109191895,110001505.05367757,9.59167766571045,1989509.041471818,3.897878408432007,218779628.57452652,5.693799018859863,VARIABLE,5.098072029634249e-13,40.753692626953125,1037,1009,503,540,545,583,521.1398323882293,564.8265144800404,17.32600313162476,18.221501360391073,0.11526060743483413,3.4417983719889948e-06,3.6883519330107e-06,-4.8859738245233433e-08,4.270374774932861,4.160697937011719,1.4448202848434448,0.057719144970178604,0.05488253012299538,-0.0007302080630324781,1408024.375,1408484.25,19900.314453125,21058.654296875,521,565,521,565,0,1409435.4198406984,0.0,286.5927054118544,8.22961157202764,2.9297427602159587e-05,0.3107524903192882,0.08803285542157027,8.639475601271585,7-14-26_R_Aql_-018_60s_c.new
4307450193249412352,286.5927322426323,8.22969789216384,4.277924749060003,0.15993241965770721,68.9006118774414,4.310761746670494,0.14725232124328613,-68.76562505735082,0.16117195785045624,5.5838704109191895,110001505.05367757,9.59167766571045,1989509.041471818,3.897878408432007,218779628.57452652,5.693799018859863,VARIABLE,5.098072029634249e-13,40.70204162597656,1022,993,501,537,545,583,518.4559910348266,565.0586663384715,16.580593798732195,17.07340114188014,-0.1803151520146571,3.2872949534272727e-06,3.66959654403764e-06,-1.1018525410125544e-07,4.139122009277344,4.064684867858887,-1.2549248933792114,0.06031839922070503,0.058577366173267365,0.0012740661622956395,1407633.75,1408125.625,21775.171875,23368.958984375,519,566,519,566,0,1407036.6224380492,0.0,286.592713267685,8.22962514161848,2.1055338493169984e-05,0.2619019632973618,0.06225756107341567,8.790660777824618,7-14-26_R_Aql_-019_60s_c.new
4307450193249412352,286.5927322426323,8.22969789216384,4.277924749060003,0.15993241965770721,68.9006118774414,4.310761746670494,0.14725232124328613,-68.76562505735082,0.16117195785045624,5.5838704109191895,110001505.05367757,9.59167766571045,1989509.041471818,3.897878408432007,218779628.57452652,5.693799018859863,VARIABLE,5.098072029634249e-13,40.793052673339844,976,942,503,538,546,582,519.908997638408,565.0346199851394,17.294143825822687,17.06163120300181,0.018542372835781862,3.0766829051728776e-06,3.301023516209947e-06,-3.5844281003235004e-08,4.158799648284912,4.13039493560791,0.07908172160387039,0.05782311037182808,0.05861110985279083,-0.0001256828982150182,1403878.5,1404289.5,18719.4453125,19790.546875,520,565,520,565,0,1403105.2635491944,0.0,286.5927457553259,8.229627090392531,1.1474853181425715e-05,0.254886376708896,-0.04433568825179464,8.699887371337063,7-14-26_R_Aql_-020_60s_c.new
4307450193249412352,286.5927322426323,8.22969789216384,4.277924749060003,0.15993241965770721,68.9006118774414,4.310761746670494,0.14725232124328613,-68.76562505735082,0.16117195785045624,5.5838704109191895,110001505.05367757,9.59167766571045,1989509.041471818,3.897878408432007,218779628.57452652,5.693799018859863,VARIABLE,5.098072029634249e-13,45.61660385131836,722,696,376,406,550,582,391.58886514509544,566.5623178883459,10.133157815269726,11.846204139215843,1.2437537454274548,2.2767562631634683e-06,2.5149790703283563e-06,1.9857079405278564e-07,3.5355100631713867,3.0788846015930176,1.0869354009628296,0.09997426718473434,0.0855172723531723,-0.02099294774234295,1345495.875,1345843.5,33549.2421875,38240.42578125,392,567,392,567,0,1344356.393693238,0.0,286.59277189196973,8.229620654093665,3.741598322903883e-05,0.2780570526276449,-0.1300910621547382,8.412111448475008,7-24-26_R_Aql_-001_60s_B_c.new
4307450193249412352,286.5927322426323,8.22969789216384,4.277924749060003,0.15993241965770721,68.9006118774414,4.310761746670494,0.14725232124328613,-68.76562505735082,0.16117195785045624,5.5838704109191895,110001505.05367757,9.59167766571045,1989509.041471818,3.897878408432007,218779628.57452652,5.693799018859863,VARIABLE,5.098072029634249e-13,45.597164154052734,775,750,372,403,549,584,388.29523045657913,566.6904499535726,12.554383337887998,13.452472521493121,0.3390320056297469,2.620040442963381e-06,2.8934543513063668e-06,-2.585304962931331e-08,3.6832168102264404,3.5271475315093994,1.2474472522735596,0.07970770448446274,0.07438640296459198,-0.004017620347440243,1339935.375,1340344.5,25382.83984375,27760.61328125,389,567,389,567,0,1338888.2834077454,0.0,286.5927547062013,8.229611468820417,1.997364597627893e-05,0.31112403631965435,-0.07370386841878371,8.537859811152334,7-24-26_R_Aql_-002_60s_B_c.new
4307450193249412352,286.5927322426323,8.22969789216384,4.277924749060003,0.15993241965770721,68.9006118774414,4.310761746670494,0.14725232124328613,-68.76562505735082,0.16117195785045624,5.5838704109191895,110001505.05367757,9.59167766571045,1989509.041471818,3.897878408432007,218779628.57452652,5.693799018859863,VARIABLE,5.098072029634249e-13,45.56505584716797,732,708,375,406,550,582,390.6194197222807,566.9655675671501,11.05878747452931,11.666156584223017,1.5865990395681706,2.3483344697273155e-06,2.6378874106089977e-06,1.8011497643099113e-07,3.6024816036224365,3.122030019760132,0.8799574375152588,0.09222531318664551,0.08742383867502213,-0.025085313245654106,1334465.875,1334947.875,29781.615234375,32801.0078125,391,568,391,568,0,1335147.137322998,0.0,286.5927740603242,8.229625853267203,3.9732678999371274e-05,0.25934002789114174,-0.13720551985901694,8.569936582912492,7-24-26_R_Aql_-003_60s_B_c.new
4307450193249412352,286.5927322426323,8.22969789216384,4.277924749060003,0.15993241965770721,68.9006118774414,4.310761746670494,0.14725232124328613,-68.76562505735082,0.16117195785045624,5.5838704109191895,110001505.05367757,9.59167766571045,1989509.041471818,3.897878408432007,218779628.57452652,5.693799018859863,VARIABLE,5.098072029634249e-13,45.554256439208984,816,789,374,407,549,583,390.59597434060345,566.7436404553991,12.604988453445912,13.74420019166024,0.8464569816219978,2.9676877410488563e-06,3.1754406357789987e-06,7.033556425183876e-08,3.767606496810913,3.4863059520721436,1.0815610885620117,0.07966313511133194,0.07306011766195297,-0.009812344796955585,1335539.75,1335993.25,27578.828125,30740.232421875,391,567,391,567,0,1337071.6669665528,0.0,286.5927749512385,8.229569566973783,3.9007614304864546e-05,0.46197068420283927,-0.14012864529239777,8.397802229789711,7-24-26_R_Aql_-004_60s_B_c.new
4307450193249412352,286.5927322426323,8.22969789216384,4.277924749060003,0.15993241965770721,68.9006118774414,4.310761746670494,0.14725232124328613,-68.76562505735082,0.16117195785045624,5.5838704109191895,110001505.05367757,9.59167766571045,1989509.041471818,3.897878408432007,218779628.57452652,5.693799018859863,VARIABLE,5.098072029634249e-13,45.41521453857422,680,647,375,405,552,584,390.2214155985344,568.0242644141035,9.577127826783169,10.022652636858709,0.6186249702332702,2.0124887646590163e-06,2.2838234978034464e-06,5.5036010674016324e-08,3.233790397644043,3.023636817932129,0.9582170248031616,0.10483340173959732,0.10017336905002594,-0.01294119656085968,1328569.75,1328956.0,34996.65625,39171.5546875,390,568,390,568,0,1329619.1693276973,0.0,286.5927391278308,8.229591797155688,3.837048950572353e-06,0.3819420293446285,-0.022590611693017307,8.258840051266906,7-24-26_R_Aql_-005_60s_B_c.new
4307450193249412352,286.5927322426323,8.22969789216384,4.277924749060003,0.15993241965770721,68.9006118774414,4.310761746670494,0.14725232124328613,-68.76562505735082,0.16117195785045624,5.5838704109191895,110001505.05367757,9.59167766571045,1989509.041471818,3.897878408432007,218779628.57452652,5.693799018859863,VARIABLE,5.098072029634249e-13,45.366310119628906,709,682,374,404,553,585,389.20208221857365,568.609943756938,11.228705510610894,10.470984029771017,1.461271362661762,2.242499021566471e-06,2.45541442101384e-06,1.9711264969570588e-07,3.5155982971191406,3.0561838150024414,0.6585570573806763,0.0907047688961029,0.09726852178573608,-0.02531648986041546,1324497.5,1324975.75,31256.87109375,34652.90234375,390,569,390,569,0,1324205.166084899,0.0,286.59276366295836,8.229590787315775,2.833308144545299e-05,0.3855774530315159,-0.10309134668607839,8.439548108511389,7-24-26_R_Aql_-006_60s_B_c.new
4307450193249412352,286.5927322426323,8.22969789216384,4.277924749060003,0.15993241965770721,68.9006118774414,4.310761746670494,0.14725232124328613,-68.76562505735082,0.16117195785045624,5.5838704109191895,110001505.05367757,9.59167766571045,1989509.041471818,3.897878408432007,218779628.57452652,5.693799018859863,VARIABLE,5.098072029634249e-13,45.461570739746094,691,669,377,407,553,584,392.04274638114185,568.8365172504709,10.263541092689138,10.296468043128215,1.1014874159834562,2.147473061249468e-06,2.372927479966679e-06,1.1176909760284327e-07,3.3736648559570312,3.0295865535736084,0.7928708791732788,0.09856385737657547,0.09824866056442261,-0.021088171750307083,1316064.5,1316462.875,33000.88671875,36952.4921875,392,569,392,569,0,1316705.3933679198,0.0,286.5927736805813,8.229580232930738,3.804362978598874e-05,0.4235732391649094,-0.1359595681669998,8.436958331411919,7-24-26_R_Aql_-007_60s_B_c.new
4307450193249412352,286.5927322426323,8.22969789216384,4.277924749060003,0.15993241965770721,68.9006118774414,4.310761746670494,0.14725232124328613,-68.76562505735082,0.16117195785045624,5.5838704109191895,110001505.05367757,9.59167766571045,1989509.041471818,3.897878408432007,218779628.57452652,5.693799018859863,VARIABLE,5.098072029634249e-13,45.41702651977539,756,737,378,408,552,585,393.1964558552125,568.6441095820093,11.095513713217912,13.56269409926523,0.976602322491658,2.4637220027319375e-06,2.97399522691439e-06,2.0782727738918294e-08,3.728602409362793,3.2795934677124023,1.2359743118286133,0.09070137143135071,0.07420194149017334,-0.01306217908859253,1313340.875,1313730.0,27320.80078125,30219.240234375,394,569,394,569,0,1310533.385634002,0.0,286.5927943970593,8.229639183795248,6.044366875812557e-05,0.21135012692923283,-0.20393116130058841,8.391530092696577,7-24-26_R_Aql_-008_60s_B_c.new
4307450193249412352,286.5927322426323,8.22969789216384,4.277924749060003,0.15993241965770721,68.9006118774414,4.310761746670494,0.14725232124328613,-68.76562505735082,0.16117195785045624,5.5838704109191895,110001505.05367757,9.59167766571045,1989509.041471818,3.897878408432007,218779628.57452652,5.693799018859863,VARIABLE,5.098072029634249e-13,45.37333679199219,723,695,375,406,552,585,390.261135020477,569.356412824175,10.703800278506918,11.213169183290177,0.539302996093511,2.3730578992430926e-06,2.568128717864285e-06,9.909596126754493e-09,3.399250030517578,3.2190167903900146,1.0059982538223267,0.09365170449018478,0.08939749002456665,-0.009008451364934444,1314784.0,1315133.125,29818.150390625,33263.87890625,390,570,390,570,0,1316063.9591018674,0.0,286.5927514877765,8.229585328749579,1.6006236535304197e-05,0.4052282913384886,-0.0631440880718128,8.302433127626813,7-24-26_R_Aql_-009_60s_B_c.new
4307450193249412352,286.5927322426323,8.22969789216384,4.277924749060003,0.15993241965770721,68.9006118774414,4.310761746670494,0.14725232124328613,-68.76562505735082,0.16117195785045624,5.5838704109191895,110001505.05367757,9.59167766571045,1989509.041471818,3.897878408432007,218779628.57452652,5.693799018859863,VARIABLE,5.098072029634249e-13,45.239749908447266,813,779,374,407,552,585,390.67597690926357,568.9074946824892,13.286153062827339,13.309426406795922,1.1121653161374638,3.0662739278804723e-06,3.1701099951684946e-06,1.3780483926780967e-07,3.7960526943206787,3.4907827377319336,0.790629506111145,0.07579652220010757,0.0756639763712883,-0.012667451985180378,1310739.125,1311165.75,26521.861328125,29629.244140625,391,570,391,570,0,1312406.347961884,0.0,286.59276539259685,8.229612457613344,3.068402031658479e-05,0.30756438178372036,-0.1087663597376013,8.545456429140136,7-24-26_R_Aql_-010_60s_B_c.new
4307450193249412352,286.5927322426323,8.22969789216384,4.277924749060003,0.15993241965770721,68.9006118774414,4.310761746670494,0.14725232124328613,-68.76562505735082,0.16117195785045624,5.5838704109191895,110001505.05367757,9.59167766571045,1989509.041471818,3.897878408432007,218779628.57452652,5.693799018859863,VARIABLE,5.098072029634249e-13,45.1832389831543,712,684,377,407,552,585,391.77750987525934,569.3189422007578,9.818794198079416,11.989538104197095,1.0189272317738585,2.143094613295007e-06,2.6318064282702954e-06,8.952636639427767e-08,3.5203511714935303,3.0684621334075928,1.1938798427581787,0.10275167971849442,0.08414816111326218,-0.017464639618992805,1314783.0,1315163.5,31807.765625,35545.3828125,392,570,392,570,0,1314351.5649920655,0.0,286.59274859706454,8.229622544995332,1.418495185134816e-05,0.2712498066287594,-0.05365954642818451,8.65312692675171,7-24-26_R_Aql_-011_60s_B_c.new
4307450193249412352,286.5927322426323,8.22969789216384,4.277924749060003,0.15993241965770721,68.9006118774414,4.310761746670494,0.14725232124328613,-68.76562505735082,0.16117195785045624,5.5838704109191895,110001505.05367757,9.59167766571045,1989509.041471818,3.897878408432007,218779628.57452652,5.693799018859863,VARIABLE,5.098072029634249e-13,45.088043212890625,694,668,377,407,554,585,391.70121381895814,570.2675324986104,11.324656770741484,10.447171826776867,0.44072469125956104,2.2134439007362138e-06,2.2207754283739013e-06,4.123806575680223e-08,3.3923137187957764,3.2037532329559326,0.39382603764533997,0.08844810724258423,0.09587709605693817,-0.007462549023330212,1321710.25,1322094.5,27969.22265625,30434.443359375,392,571,392,570,0,1322328.52337677,0.0,286.5927814410371,8.229599888208755,4.6365062246422895e-05,0.3528142383046884,-0.1614219342099341,8.421943339201524,7-24-26_R_Aql_-012_60s_B_c.new
4307450193249412352,286.5927322426323,8.22969789216384,4.277924749060003,0.15993241965770721,68.9006118774414,4.310761746670494,0.14725232124328613,-68.76562505735082,0.16117195785045624,5.5838704109191895,110001505.05367757,9.59167766571045,1989509.041471818,3.897878408432007,218779628.57452652,5.693799018859863,VARIABLE,5.098072029634249e-13,45.12495422363281,738,715,373,403,554,587,388.33396560665176,570.0910957541344,10.961096792612977,12.628515372890774,0.9272737212117192,2.358322498500036e-06,2.629655290134014e-06,5.155338868288068e-08,3.6113383769989014,3.2477447986602783,1.1515562534332275,0.09180199354887009,0.07968082278966904,-0.013481485657393932,1328765.625,1329241.25,28822.080078125,32329.103515625,389,571,389,571,0,1327171.3371055603,0.0,286.5927568185729,8.229601604638946,2.1802010735427757e-05,0.34663508961756406,-0.080634644285783,8.422273007238742,7-24-26_R_Aql_-013_60s_B_c.new
4307450193249412352,286.5927322426323,8.22969789216384,4.277924749060003,0.15993241965770721,68.9006118774414,4.310761746670494,0.14725232124328613,-68.76562505735082,0.16117195785045624,5.5838704109191895,110001505.05367757,9.59167766571045,1989509.041471818,3.897878408432007,218779628.57452652,5.693799018859863,VARIABLE,5.098072029634249e-13,45.177207946777344,819,796,375,407,553,586,391.4904396063308,569.6208632101221,13.560405641860484,15.504336757144074,1.0239183433458834,2.9677111298484335e-06,3.286315669907024e-06,1.384985054420021e-07,3.9930129051208496,3.6222355365753174,1.1650851964950562,0.07411368191242218,0.06482131779193878,-0.009789049625396729,1318426.625,1318883.125,22372.43359375,24235.80078125,392,570,392,570,0,1317553.8439469913,0.0,286.59281228463544,8.229613404661967,7.758392155210458e-05,0.30415500674223495,-0.26262101405583504,8.505163162081251,7-24-26_R_Aql_-014_60s_B_c.new
4307450193249412352,286.5927322426323,8.22969789216384,4.277924749060003,0.15993241965770721,68.9006118774414,4.310761746670494,0.14725232124328613,-68.76562505735082,0.16117195785045624,5.5838704109191895,110001505.05367757,9.59167766571045,1989509.041471818,3.897878408432007,218779628.57452652,5.693799018859863,VARIABLE,5.098072029634249e-13,45.138343811035156,715,689,377,407,554,587,391.55472692039126,570.8024222186032,10.290516806534669,12.268702119143768,0.9157820815293576,2.171390845871427e-06,2.6703589801732997e-06,6.174565702832906e-08,3.553527355194092,3.151453971862793,1.1973305940628052,0.09782668948173523,0.0820532739162445,-0.014604303985834122,1310176.125,1310586.5,28194.333984375,31051.732421875,392,571,392,571,0,1309553.4566960144,0.0,286.5927485712158,8.229602130359039,1.357314181404945e-05,0.34474249728191353,-0.05357473564903103,8.575825332410533,7-24-26_R_Aql_-015_60s_B_c.new
4307450193249412352,286.5927322426323,8.22969789216384,4.277924749060003,0.15993241965770721,68.9006118774414,4.310761746670494,0.14725232124328613,-68.76562505735082,0.16117195785045624,5.5838704109191895,110001505.05367757,9.59167766571045,1989509.041471818,3.897878408432007,218779628.57452652,5.693799018859863,VARIABLE,5.098072029634249e-13,45.036983489990234,799,775,373,406,553,587,389.41164730340233,570.2080818094175,13.930426932265789,14.350035107852932,1.4267922218811009,2.8420391887323836e-06,3.139911859638738e-06,1.3545215479216236e-07,3.947450637817383,3.563438653945923,0.8583980202674866,0.07252386957406998,0.07040320336818695,-0.014421775005757809,1310701.375,1311149.0,21774.509765625,23439.060546875,390,571,390,571,0,1312932.753922882,0.0,286.59274698559005,8.229608861476981,1.2181376007447398e-05,0.3205104726902164,-0.04837223417383939,8.49069507494135,7-24-26_R_Aql_-016_60s_B_c.new
4307450193249412352,286.5927322426323,8.22969789216384,4.277924749060003,0.15993241965770721,68.9006118774414,4.310761746670494,0.14725232124328613,-68.76562505735082,0.16117195785045624,5.5838704109191895,110001505.05367757,9.59167766571045,1989509.041471818,3.897878408432007,218779628.57452652,5.693799018859863,VARIABLE,5.098072029634249e-13,45.040748596191406,708,688,373,404,556,589,388.7587197598746,572.3931690398049,11.139525312798213,11.83547463380529,0.30328187526430384,2.283945311997976e-06,2.4814743899890232e-06,-1.3418076047885162e-08,3.4567456245422363,3.320528507232666,1.2123562097549438,0.089833103120327,0.08455073833465576,-0.004603913985192776,1300226.25,1300682.75,25857.57421875,28128.060546875,389,572,389,573,0,1302108.7434860233,0.0,286.5927651806142,8.2295314380252,2.8146588988420262e-05,0.5992348991028962,-0.10807083622411483,8.57198550214044,7-24-26_R_Aql_-017_60s_B_c.new
4307450193249412352,286.5927322426323,8.22969789216384,4.277924749060003,0.15993241965770721,68.9006118774414,4.310761746670494,0.14725232124328613,-68.76562505735082,0.16117195785045624,5.5838704109191895,110001505.05367757,9.59167766571045,1989509.041471818,3.897878408432007,218779628.57452652,5.693799018859863,VARIABLE,5.098072029634249e-13,45.03301239013672,716,690,376,406,556,589,391.2674662880186,572.0061657743496,11.013700396022188,11.386686790777674,0.7857286830926853,2.353912883614414e-06,2.561346136752798e-06,4.137380745668772e-08,3.4652202129364014,3.2237610816955566,0.9019173383712769,0.09124518930912018,0.08825632929801941,-0.012592594139277935,1294923.125,1295409.25,28378.3828125,31315.017578125,392,572,392,572,0,1294499.3771667473,0.0,286.5927691508138,8.229596968020754,3.3996083345755324e-05,0.3633269151073648,-0.12109721992032065,8.443987190348505,7-24-26_R_Aql_-018_60s_B_c.new
4307450193249412352,286.5927322426323,8.22969789216384,4.277924749060003,0.15993241965770721,68.9006118774414,4.310761746670494,0.14725232124328613,-68.76562505735082,0.16117195785045624,5.5838704109191895,110001505.05367757,9.59167766571045,1989509.041471818,3.897878408432007,218779628.57452652,5.693799018859863,VARIABLE,5.098072029634249e-13,45.05602264404297,697,675,379,408,556,588,392.8326460690658,572.1791204102714,11.00826463310662,11.799252532812204,0.5974677913363848,2.2265168586011377e-06,2.5260889218713544e-06,5.926983285809631e-08,3.481417179107666,3.2691361904144287,1.077763319015503,0.09109117835760117,0.084984689950943,-0.009224998764693737,1282286.375,1282682.625,24785.8203125,26911.373046875,393,572,393,572,0,1280588.2026280211,0.0,286.5927627380453,8.22955783401614,2.6462678079042234e-05,0.5042093317200624,-0.10005666987002314,8.319545109587194,7-24-26_R_Aql_-019_60s_B_c.new
4307450193249412352,286.5927322426323,8.22969789216384,4.277924749060003,0.15993241965770721,68.9006118774414,4.310761746670494,0.14725232124328613,-68.76562505735082,0.16117195785045624,5.5838704109191895,110001505.05367757,9.59167766571045,1989509.041471818,3.897878408432007,218779628.57452652,5.693799018859863,VARIABLE,5.098072029634249e-13,45.02675247192383,699,677,374,404,557,588,388.81206430994837,572.9222060471262,10.449943229283662,11.011068681232729,1.102530180117725,2.2642466770649027e-06,2.509851979755778e-06,1.407950342317264e-07,3.445021629333496,3.0972306728363037,0.909989595413208,0.0967160314321518,0.09178736805915833,-0.019368208944797516,1284041.0,1284493.25,30169.271484375,33671.22265625,389,573,389,574,0,1284257.0727185053,0.0,286.59275158407877,8.229614472587297,1.6939028625984065e-05,0.3003104755528341,-0.06346005958778278,8.367808121573814,7-24-26_R_Aql_-020_60s_B_c.new
